=== Sync started at Thu May 28 15:58:54 IST 2026 ===
Connecting to IMAP mail server at imap.gmail.com:993...
Successfully locked INBOX. Searching for matching Tender247 emails...
Found 2 matching unread email message(s).
Fetching message UID: 73328...
Sending message UID: 73328 to scraping endpoint: http://localhost:3000/api/process-email...
SUCCESS [UID 73328]: Successfully processed email. Extracted 5 tender(s). Added 0 new tender(s), skipped 5 duplicate(s), failed 0.
Message UID 73328 marked as Seen.
Fetching message UID: 73329...
Sending message UID: 73329 to scraping endpoint: http://localhost:3000/api/process-email...
SUCCESS [UID 73329]: Successfully processed email. Extracted 5 tender(s). Added 0 new tender(s), skipped 5 duplicate(s), failed 0.
Message UID 73329 marked as Seen.
Logged out of IMAP mail server.
=== Sync completed at Thu May 28 15:59:03 IST 2026 ===
=== Sync started at Fri May 29 08:13:18 IST 2026 ===
Connecting to IMAP mail server at imap.gmail.com:993...
node:events:487
      throw er; // Unhandled 'error' event
      ^

Error: Socket timeout
    at TLSSocket.<anonymous> (/Users/anuthibhansali/.gemini/antigravity/scratch/tender-pocket/node_modules/imapflow/lib/imap-flow.js:875:29)
    at TLSSocket.emit (node:events:509:28)
    at Socket._onTimeout (node:net:610:8)
    at listOnTimeout (node:internal/timers:605:17)
    at process.processTimers (node:internal/timers:541:7)
Emitted 'error' event on ImapFlow instance at:
    at ImapFlow.emitError (/Users/anuthibhansali/.gemini/antigravity/scratch/tender-pocket/node_modules/imapflow/lib/imap-flow.js:408:14)
    at TLSSocket.<anonymous> (/Users/anuthibhansali/.gemini/antigravity/scratch/tender-pocket/node_modules/imapflow/lib/imap-flow.js:895:26)
    at TLSSocket.emit (node:events:509:28)
    at Socket._onTimeout (node:net:610:8)
    at listOnTimeout (node:internal/timers:605:17)
    at process.processTimers (node:internal/timers:541:7) {
  code: 'ETIMEOUT',
  _connId: '197rey8hvvjd3l7fmlwm'
}

Node.js v24.15.0
=== Sync completed at Fri May 29 08:28:35 IST 2026 ===
=== Sync started at Sat May 30 08:09:08 IST 2026 ===
Connecting to IMAP mail server at imap.gmail.com:993...
Error: getaddrinfo ENOTFOUND imap.gmail.com
    at GetAddrInfoReqWrap.onlookupall [as oncomplete] (node:dns:122:26) {
  errno: -3008,
  code: 'ENOTFOUND',
  syscall: 'getaddrinfo',
  hostname: 'imap.gmail.com'
}
=== Sync completed at Sat May 30 08:09:08 IST 2026 ===
=== Sync started at Sun May 31 08:09:54 IST 2026 ===
Connecting to IMAP mail server at imap.gmail.com:993...
node:events:487
      throw er; // Unhandled 'error' event
      ^

Error: Socket timeout
    at TLSSocket.<anonymous> (/Users/anuthibhansali/.gemini/antigravity/scratch/tender-pocket/node_modules/imapflow/lib/imap-flow.js:875:29)
    at TLSSocket.emit (node:events:509:28)
    at Socket._onTimeout (node:net:610:8)
    at listOnTimeout (node:internal/timers:605:17)
    at process.processTimers (node:internal/timers:541:7)
Emitted 'error' event on ImapFlow instance at:
    at ImapFlow.emitError (/Users/anuthibhansali/.gemini/antigravity/scratch/tender-pocket/node_modules/imapflow/lib/imap-flow.js:408:14)
    at TLSSocket.<anonymous> (/Users/anuthibhansali/.gemini/antigravity/scratch/tender-pocket/node_modules/imapflow/lib/imap-flow.js:895:26)
    at TLSSocket.emit (node:events:509:28)
    at Socket._onTimeout (node:net:610:8)
    at listOnTimeout (node:internal/timers:605:17)
    at process.processTimers (node:internal/timers:541:7) {
  code: 'ETIMEOUT',
  _connId: '11rc5x8zp3fz52qhs8r5'
}

Node.js v24.15.0
=== Sync completed at Sun May 31 08:26:36 IST 2026 ===
=== Sync started at Mon Jun  1 08:09:04 IST 2026 ===
Connecting to IMAP mail server at imap.gmail.com:993...
node:events:487
      throw er; // Unhandled 'error' event
      ^

Error: Socket timeout
    at TLSSocket.<anonymous> (/Users/anuthibhansali/.gemini/antigravity/scratch/tender-pocket/node_modules/imapflow/lib/imap-flow.js:875:29)
    at TLSSocket.emit (node:events:509:28)
    at Socket._onTimeout (node:net:610:8)
    at listOnTimeout (node:internal/timers:605:17)
    at process.processTimers (node:internal/timers:541:7)
Emitted 'error' event on ImapFlow instance at:
    at ImapFlow.emitError (/Users/anuthibhansali/.gemini/antigravity/scratch/tender-pocket/node_modules/imapflow/lib/imap-flow.js:408:14)
    at TLSSocket.<anonymous> (/Users/anuthibhansali/.gemini/antigravity/scratch/tender-pocket/node_modules/imapflow/lib/imap-flow.js:895:26)
    at TLSSocket.emit (node:events:509:28)
    at Socket._onTimeout (node:net:610:8)
    at listOnTimeout (node:internal/timers:605:17)
    at process.processTimers (node:internal/timers:541:7) {
  code: 'ETIMEOUT',
  _connId: '55oihha4kfpixkr1o8ox'
}

Node.js v24.15.0
=== Sync completed at Mon Jun  1 08:27:04 IST 2026 ===
=== Sync started at Tue Jun  2 08:06:05 IST 2026 ===
Connecting to IMAP mail server at imap.gmail.com:993...
node:events:487
      throw er; // Unhandled 'error' event
      ^

Error: read ECONNRESET
    at TLSWrap.onStreamRead (node:internal/stream_base_commons:216:20)
Emitted 'error' event on ImapFlow instance at:
    at ImapFlow.emitError (/Users/anuthibhansali/.gemini/antigravity/scratch/tender-pocket/node_modules/imapflow/lib/imap-flow.js:408:14)
    at TLSSocket.<anonymous> (/Users/anuthibhansali/.gemini/antigravity/scratch/tender-pocket/node_modules/imapflow/lib/imap-flow.js:859:22)
    at Object.onceWrapper (node:events:631:26)
    at TLSSocket.emit (node:events:521:24)
    at emitErrorNT (node:internal/streams/destroy:170:8)
    at emitErrorCloseNT (node:internal/streams/destroy:129:3)
    at process.processTicksAndRejections (node:internal/process/task_queues:90:21) {
  errno: -54,
  code: 'ECONNRESET',
  syscall: 'read',
  _connId: '1g8ld5hn7qyb2ni4u9rv'
}

Node.js v24.15.0
=== Sync completed at Tue Jun  2 08:23:54 IST 2026 ===
=== Sync started at Wed Jun  3 08:13:00 IST 2026 ===
Connecting to IMAP mail server at imap.gmail.com:993...
Successfully locked INBOX. Searching for matching Tender247 emails...
node:events:487
      throw er; // Unhandled 'error' event
      ^

Error: Socket timeout
    at TLSSocket.<anonymous> (/Users/anuthibhansali/.gemini/antigravity/scratch/tender-pocket/node_modules/imapflow/lib/imap-flow.js:875:29)
    at TLSSocket.emit (node:events:509:28)
    at Socket._onTimeout (node:net:610:8)
    at listOnTimeout (node:internal/timers:605:17)
    at process.processTimers (node:internal/timers:541:7)
Emitted 'error' event on ImapFlow instance at:
    at ImapFlow.emitError (/Users/anuthibhansali/.gemini/antigravity/scratch/tender-pocket/node_modules/imapflow/lib/imap-flow.js:408:14)
    at TLSSocket.<anonymous> (/Users/anuthibhansali/.gemini/antigravity/scratch/tender-pocket/node_modules/imapflow/lib/imap-flow.js:895:26)
    at TLSSocket.emit (node:events:509:28)
    at Socket._onTimeout (node:net:610:8)
    at listOnTimeout (node:internal/timers:605:17)
    at process.processTimers (node:internal/timers:541:7) {
  code: 'ETIMEOUT',
  _connId: 'sm8j1qu8jsne94iviss6'
}

Node.js v24.15.0
=== Sync completed at Wed Jun  3 08:30:30 IST 2026 ===
=== Sync started at Thu Jun  4 08:03:03 IST 2026 ===
Connecting to IMAP mail server at imap.gmail.com:993...
Error: getaddrinfo ENOTFOUND imap.gmail.com
    at GetAddrInfoReqWrap.onlookupall [as oncomplete] (node:dns:122:26) {
  errno: -3008,
  code: 'ENOTFOUND',
  syscall: 'getaddrinfo',
  hostname: 'imap.gmail.com'
}
=== Sync completed at Thu Jun  4 08:03:03 IST 2026 ===
=== Sync started at Fri Jun  5 08:10:47 IST 2026 ===
Connecting to IMAP mail server at imap.gmail.com:993...
Error: getaddrinfo ENOTFOUND imap.gmail.com
    at GetAddrInfoReqWrap.onlookupall [as oncomplete] (node:dns:122:26) {
  errno: -3008,
  code: 'ENOTFOUND',
  syscall: 'getaddrinfo',
  hostname: 'imap.gmail.com'
}
=== Sync completed at Fri Jun  5 08:10:47 IST 2026 ===
=== Sync started at Sat Jun  6 08:11:48 IST 2026 ===
Connecting to IMAP mail server at imap.gmail.com:993...
Error: getaddrinfo ENOTFOUND imap.gmail.com
    at GetAddrInfoReqWrap.onlookupall [as oncomplete] (node:dns:122:26) {
  errno: -3008,
  code: 'ENOTFOUND',
  syscall: 'getaddrinfo',
  hostname: 'imap.gmail.com'
}
=== Sync completed at Sat Jun  6 08:11:48 IST 2026 ===
=== Sync started at Sun Jun  7 08:13:46 IST 2026 ===
Connecting to IMAP mail server at imap.gmail.com:993...
Error: getaddrinfo ENOTFOUND imap.gmail.com
    at GetAddrInfoReqWrap.onlookupall [as oncomplete] (node:dns:122:26) {
  errno: -3008,
  code: 'ENOTFOUND',
  syscall: 'getaddrinfo',
  hostname: 'imap.gmail.com'
}
--- TenderPocket Alert Engine Started ---
Using SMTP Config: Host=smtp.gmail.com, Port=465, Secure=true, User=anuthibhansali@gmail.com
Alert Recipient (Manager Email): anuthibhansali@gmail.com
Today's IST Date: 2026-06-07
Analyzed 92 active tenders.
Found 6 matching 'Issued' tenders for alerts.
Found 0 matching 'Ready to be Filed' tenders for alerts.
Sending email alert via nodemailer...
Failed to send email alert: Error: getaddrinfo ENOTFOUND smtp.gmail.com
    at GetAddrInfoReqWrap.onlookupall [as oncomplete] (node:dns:122:26) {
  errno: -3008,
  code: 'EDNS',
  syscall: 'getaddrinfo',
  hostname: 'smtp.gmail.com',
  command: 'CONN'
}
=== Sync completed at Sun Jun  7 08:13:47 IST 2026 ===
=== Sync started at Mon Jun  8 08:02:59 IST 2026 ===
Connecting to IMAP mail server at imap.gmail.com:993...
Error: getaddrinfo ENOTFOUND imap.gmail.com
    at GetAddrInfoReqWrap.onlookupall [as oncomplete] (node:dns:122:26) {
  errno: -3008,
  code: 'ENOTFOUND',
  syscall: 'getaddrinfo',
  hostname: 'imap.gmail.com'
}
--- TenderPocket Alert Engine Started ---
Using SMTP Config: Host=smtp.gmail.com, Port=465, Secure=true, User=anuthibhansali@gmail.com
Alert Recipient (Manager Email): anuthibhansali@gmail.com
Today's IST Date: 2026-06-08
Analyzed 114 active tenders.
- SLA Alerts (T+3): 0
- Due Alerts (T2-3 / T2) for Issued Tenders: 31
- Due Alerts (T2-3 / T2) for Ready to File Tenders: 1
Sending email alert via nodemailer...
Failed to send email alert: Error: getaddrinfo ENOTFOUND smtp.gmail.com
    at GetAddrInfoReqWrap.onlookupall [as oncomplete] (node:dns:122:26) {
  errno: -3008,
  code: 'EDNS',
  syscall: 'getaddrinfo',
  hostname: 'smtp.gmail.com',
  command: 'CONN'
}
=== Sync completed at Mon Jun  8 08:03:00 IST 2026 ===
=== Sync started at Tue Jun  9 08:07:19 IST 2026 ===
Connecting to IMAP mail server at imap.gmail.com:993...
Error: getaddrinfo ENOTFOUND imap.gmail.com
    at GetAddrInfoReqWrap.onlookupall [as oncomplete] (node:dns:122:26) {
  errno: -3008,
  code: 'ENOTFOUND',
  syscall: 'getaddrinfo',
  hostname: 'imap.gmail.com'
}
--- TenderPocket Alert Engine Started ---
Using SMTP Config: Host=smtp.gmail.com, Port=465, Secure=true, User=anuthibhansali@gmail.com
Alert Recipient (Manager Email): anuthibhansali@gmail.com
Today's IST Date: 2026-06-09
Analyzed 815 active tenders.
- SLA Alerts (T+3): 0
- Due Alerts (T2-3 / T2) for Issued Tenders: 224
- Due Alerts (T2-3 / T2) for Ready to File Tenders: 0
Sending email alert via nodemailer...
Failed to send email alert: Error: getaddrinfo ENOTFOUND smtp.gmail.com
    at GetAddrInfoReqWrap.onlookupall [as oncomplete] (node:dns:122:26) {
  errno: -3008,
  code: 'EDNS',
  syscall: 'getaddrinfo',
  hostname: 'smtp.gmail.com',
  command: 'CONN'
}
=== Sync completed at Tue Jun  9 08:07:20 IST 2026 ===
=== Sync started at Wed Jun 10 08:04:57 IST 2026 ===
Connecting to IMAP mail server at imap.gmail.com:993...
Error: getaddrinfo ENOTFOUND imap.gmail.com
    at GetAddrInfoReqWrap.onlookupall [as oncomplete] (node:dns:122:26) {
  errno: -3008,
  code: 'ENOTFOUND',
  syscall: 'getaddrinfo',
  hostname: 'imap.gmail.com'
}
--- TenderPocket Alert Engine Started ---
Using SMTP Config: Host=smtp.gmail.com, Port=465, Secure=true, User=anuthibhansali@gmail.com
Alert Recipient (Manager Email): anuthibhansali@gmail.com
Today's IST Date: 2026-06-10
Analyzed 1359 active tenders.
- SLA Alerts (T+3): 22
- Due Alerts (T2-3 / T2) for Issued Tenders: 180
- Due Alerts (T2-3 / T2) for Ready to File Tenders: 1
Sending email alert via nodemailer...
Failed to send email alert: Error: getaddrinfo ENOTFOUND smtp.gmail.com
    at GetAddrInfoReqWrap.onlookupall [as oncomplete] (node:dns:122:26) {
  errno: -3008,
  code: 'EDNS',
  syscall: 'getaddrinfo',
  hostname: 'smtp.gmail.com',
  command: 'CONN'
}
=== Sync completed at Wed Jun 10 08:04:57 IST 2026 ===
=== Sync started at Thu Jun 11 08:00:05 IST 2026 ===
Connecting to IMAP mail server at imap.gmail.com:993...
Successfully locked INBOX. Searching for matching Tender247 emails...
Found 0 matching unread email message(s).
No new tender emails to process.
Logged out of IMAP mail server.
--- TenderPocket Alert Engine Started ---
Using SMTP Config: Host=smtp.gmail.com, Port=465, Secure=true, User=anuthibhansali@gmail.com
Alert Recipient (Manager Email): anuthibhansali@gmail.com
Today's IST Date: 2026-06-11
Analyzed 1792 active tenders.
- SLA Alerts (T+3): 701
- Due Alerts (T2-3 / T2) for Issued Tenders: 188
- Due Alerts (T2-3 / T2) for Ready to File Tenders: 0
Sending email alert via nodemailer...
Alert email sent successfully. Message ID: <7b6bf8d1-e12b-ef7e-d0b2-b9e4d4ace2b3@gmail.com>
=== Sync completed at Thu Jun 11 08:00:17 IST 2026 ===
=== Sync started at Fri Jun 12 08:14:14 IST 2026 ===
Connecting to IMAP mail server at imap.gmail.com:993...
node:events:487
      throw er; // Unhandled 'error' event
      ^

Error: read ECONNRESET
    at TLSWrap.onStreamRead (node:internal/stream_base_commons:216:20)
Emitted 'error' event on ImapFlow instance at:
    at ImapFlow.emitError (/Users/anuthibhansali/.gemini/antigravity/scratch/tender-pocket/node_modules/imapflow/lib/imap-flow.js:408:14)
    at TLSSocket.<anonymous> (/Users/anuthibhansali/.gemini/antigravity/scratch/tender-pocket/node_modules/imapflow/lib/imap-flow.js:859:22)
    at Object.onceWrapper (node:events:631:26)
    at TLSSocket.emit (node:events:521:24)
    at emitErrorNT (node:internal/streams/destroy:170:8)
    at emitErrorCloseNT (node:internal/streams/destroy:129:3)
    at process.processTicksAndRejections (node:internal/process/task_queues:90:21) {
  errno: -54,
  code: 'ECONNRESET',
  syscall: 'read',
  _connId: '9dkkyuaatshgf5jxweqm'
}

Node.js v24.15.0
--- TenderPocket Alert Engine Started ---
Using SMTP Config: Host=smtp.gmail.com, Port=465, Secure=true, User=anuthibhansali@gmail.com
Alert Recipient (Manager Email): anuthibhansali@gmail.com
Today's IST Date: 2026-06-12
Analyzed 2115 active tenders.
- SLA Alerts (T+3): 543
- Due Alerts (T2-3 / T2) for Issued Tenders: 259
- Due Alerts (T2-3 / T2) for Ready to File Tenders: 0
Sending email alert via nodemailer...
Failed to send email alert: Error: Timeout
    at SMTPConnection._onTimeout (/Users/anuthibhansali/.gemini/antigravity/scratch/tender-pocket/node_modules/nodemailer/lib/smtp-connection/index.js:986:30)
    at SMTPConnection._onSocketTimeout (/Users/anuthibhansali/.gemini/antigravity/scratch/tender-pocket/node_modules/nodemailer/lib/smtp-connection/index.js:228:44)
    at TLSSocket.emit (node:events:509:28)
    at Socket._onTimeout (node:net:610:8)
    at listOnTimeout (node:internal/timers:605:17)
    at process.processTimers (node:internal/timers:541:7) {
  code: 'ETIMEDOUT',
  command: 'CONN'
}
=== Sync completed at Fri Jun 12 08:46:20 IST 2026 ===
=== Sync started at Sat Jun 13 08:04:30 IST 2026 ===
Connecting to IMAP mail server at imap.gmail.com:993...
Error: getaddrinfo ENOTFOUND imap.gmail.com
    at GetAddrInfoReqWrap.onlookupall [as oncomplete] (node:dns:122:26) {
  errno: -3008,
  code: 'ENOTFOUND',
  syscall: 'getaddrinfo',
  hostname: 'imap.gmail.com'
}
--- TenderPocket Alert Engine Started ---
Using SMTP Config: Host=smtp.gmail.com, Port=465, Secure=true, User=anuthibhansali@gmail.com
Alert Recipient (Manager Email): anuthibhansali@gmail.com
Today's IST Date: 2026-06-13
Analyzed 2642 active tenders.
- SLA Alerts (T+3): 431
- Due Alerts (T2-3 / T2) for Issued Tenders: 241
- Due Alerts (T2-3 / T2) for Ready to File Tenders: 0
Sending email alert via nodemailer...
Failed to send email alert: Error: getaddrinfo ENOTFOUND smtp.gmail.com
    at GetAddrInfoReqWrap.onlookupall [as oncomplete] (node:dns:122:26) {
  errno: -3008,
  code: 'EDNS',
  syscall: 'getaddrinfo',
  hostname: 'smtp.gmail.com',
  command: 'CONN'
}
=== Sync completed at Sat Jun 13 08:04:31 IST 2026 ===
=== Sync started at Sun Jun 14 08:05:32 IST 2026 ===
Connecting to IMAP mail server at imap.gmail.com:993...
Error: getaddrinfo ENOTFOUND imap.gmail.com
    at GetAddrInfoReqWrap.onlookupall [as oncomplete] (node:dns:122:26) {
  errno: -3008,
  code: 'ENOTFOUND',
  syscall: 'getaddrinfo',
  hostname: 'imap.gmail.com'
}
--- TenderPocket Alert Engine Started ---
Using SMTP Config: Host=smtp.gmail.com, Port=465, Secure=true, User=anuthibhansali@gmail.com
Alert Recipient (Manager Email): anuthibhansali@gmail.com
Today's IST Date: 2026-06-14
Analyzed 2642 active tenders.
- SLA Alerts (T+3): 323
- Due Alerts (T2-3 / T2) for Issued Tenders: 20
- Due Alerts (T2-3 / T2) for Ready to File Tenders: 0
Sending email alert via nodemailer...
Failed to send email alert: Error: getaddrinfo ENOTFOUND smtp.gmail.com
    at GetAddrInfoReqWrap.onlookupall [as oncomplete] (node:dns:122:26) {
  errno: -3008,
  code: 'EDNS',
  syscall: 'getaddrinfo',
  hostname: 'smtp.gmail.com',
  command: 'CONN'
}
=== Sync completed at Sun Jun 14 08:05:32 IST 2026 ===
=== Sync started at Mon Jun 15 08:11:04 IST 2026 ===
Connecting to IMAP mail server at imap.gmail.com:993...
Successfully locked INBOX. Searching for matching Tender247 emails...
Found 0 matching unread email message(s).
No new tender emails to process.
Logged out of IMAP mail server.
--- TenderPocket Alert Engine Started ---
Using SMTP Config: Host=smtp.gmail.com, Port=465, Secure=true, User=anuthibhansali@gmail.com
Alert Recipient (Manager Email): anuthibhansali@gmail.com
Today's IST Date: 2026-06-15
Analyzed 2645 active tenders.
- SLA Alerts (T+3): 529
- Due Alerts (T2-3 / T2) for Issued Tenders: 141
- Due Alerts (T2-3 / T2) for Ready to File Tenders: 0
Sending email alert via nodemailer...
Alert email sent successfully. Message ID: <b5271437-1585-286b-bf0a-eabd2107ec37@gmail.com>
=== Sync completed at Mon Jun 15 08:11:14 IST 2026 ===
=== Sync started at Tue Jun 16 08:13:48 IST 2026 ===
Connecting to IMAP mail server at imap.gmail.com:993...
node:events:487
      throw er; // Unhandled 'error' event
      ^

Error: read ECONNRESET
    at TLSWrap.onStreamRead (node:internal/stream_base_commons:216:20)
Emitted 'error' event on ImapFlow instance at:
    at ImapFlow.emitError (/Users/anuthibhansali/.gemini/antigravity/scratch/tender-pocket/node_modules/imapflow/lib/imap-flow.js:408:14)
    at TLSSocket.<anonymous> (/Users/anuthibhansali/.gemini/antigravity/scratch/tender-pocket/node_modules/imapflow/lib/imap-flow.js:859:22)
    at Object.onceWrapper (node:events:631:26)
    at TLSSocket.emit (node:events:521:24)
    at emitErrorNT (node:internal/streams/destroy:170:8)
    at emitErrorCloseNT (node:internal/streams/destroy:129:3)
    at process.processTicksAndRejections (node:internal/process/task_queues:90:21) {
  errno: -54,
  code: 'ECONNRESET',
  syscall: 'read',
  _connId: '14o6b74atsasiw8vq20n'
}

Node.js v24.15.0
--- TenderPocket Alert Engine Started ---
Using SMTP Config: Host=smtp.gmail.com, Port=465, Secure=true, User=anuthibhansali@gmail.com
Alert Recipient (Manager Email): anuthibhansali@gmail.com
Today's IST Date: 2026-06-16
Analyzed 3277 active tenders.
- SLA Alerts (T+3): 0
- Due Alerts (T2-3 / T2) for Issued Tenders: 212
- Due Alerts (T2-3 / T2) for Ready to File Tenders: 0
Sending email alert via nodemailer...
Alert email sent successfully. Message ID: <c4842289-3fe5-9aa8-6e09-0d07e107b85a@gmail.com>
=== Sync completed at Tue Jun 16 08:28:09 IST 2026 ===
=== Sync started at Wed Jun 17 08:11:04 IST 2026 ===
Connecting to IMAP mail server at imap.gmail.com:993...
Error: getaddrinfo ENOTFOUND imap.gmail.com
    at GetAddrInfoReqWrap.onlookupall [as oncomplete] (node:dns:122:26) {
  errno: -3008,
  code: 'ENOTFOUND',
  syscall: 'getaddrinfo',
  hostname: 'imap.gmail.com'
}
--- TenderPocket Alert Engine Started ---
Using SMTP Config: Host=smtp.gmail.com, Port=465, Secure=true, User=anuthibhansali@gmail.com
Alert Recipient (Manager Email): anuthibhansali@gmail.com
Today's IST Date: 2026-06-17
Analyzed 852 active tenders.
- SLA Alerts (T+3): 0
- Due Alerts (T2-3 / T2) for Issued Tenders: 476
- Due Alerts (T2-3 / T2) for Ready to File Tenders: 0
Sending email alert via nodemailer...
Failed to send email alert: Error: getaddrinfo ENOTFOUND smtp.gmail.com
    at GetAddrInfoReqWrap.onlookupall [as oncomplete] (node:dns:122:26) {
  errno: -3008,
  code: 'EDNS',
  syscall: 'getaddrinfo',
  hostname: 'smtp.gmail.com',
  command: 'CONN'
}
=== Sync completed at Wed Jun 17 08:11:04 IST 2026 ===
=== Sync started at Thu Jun 18 08:02:59 IST 2026 ===
Connecting to IMAP mail server at imap.gmail.com:993...
Error: getaddrinfo ENOTFOUND imap.gmail.com
    at GetAddrInfoReqWrap.onlookupall [as oncomplete] (node:dns:122:26) {
  errno: -3008,
  code: 'ENOTFOUND',
  syscall: 'getaddrinfo',
  hostname: 'imap.gmail.com'
}
--- TenderPocket Alert Engine Started ---
Using SMTP Config: Host=smtp.gmail.com, Port=465, Secure=true, User=anuthibhansali@gmail.com
Alert Recipient (Manager Email): anuthibhansali@gmail.com
Today's IST Date: 2026-06-18
Analyzed 1004 active tenders.
- SLA Alerts (T+3): 0
- Due Alerts (T2-3 / T2) for Issued Tenders: 161
- Due Alerts (T2-3 / T2) for Ready to File Tenders: 0
Sending email alert via nodemailer...
Failed to send email alert: Error: getaddrinfo ENOTFOUND smtp.gmail.com
    at GetAddrInfoReqWrap.onlookupall [as oncomplete] (node:dns:122:26) {
  errno: -3008,
  code: 'EDNS',
  syscall: 'getaddrinfo',
  hostname: 'smtp.gmail.com',
  command: 'CONN'
}
=== Sync completed at Thu Jun 18 08:02:59 IST 2026 ===
=== Sync started at Fri Jun 19 08:05:15 IST 2026 ===
Connecting to IMAP mail server at imap.gmail.com:993...
Error: getaddrinfo ENOTFOUND imap.gmail.com
    at GetAddrInfoReqWrap.onlookupall [as oncomplete] (node:dns:122:26) {
  errno: -3008,
  code: 'ENOTFOUND',
  syscall: 'getaddrinfo',
  hostname: 'imap.gmail.com'
}
--- TenderPocket Alert Engine Started ---
Using SMTP Config: Host=smtp.gmail.com, Port=465, Secure=true, User=anuthibhansali@gmail.com
Alert Recipient (Manager Email): anuthibhansali@gmail.com
Today's IST Date: 2026-06-19
Analyzed 1004 active tenders.
- SLA Alerts (T+3): 852
- Due Alerts (T2-3 / T2) for Issued Tenders: 142
- Due Alerts (T2-3 / T2) for Ready to File Tenders: 0
Sending email alert via nodemailer...
Failed to send email alert: Error: getaddrinfo ENOTFOUND smtp.gmail.com
    at GetAddrInfoReqWrap.onlookupall [as oncomplete] (node:dns:122:26) {
  errno: -3008,
  code: 'EDNS',
  syscall: 'getaddrinfo',
  hostname: 'smtp.gmail.com',
  command: 'CONN'
}
=== Sync completed at Fri Jun 19 08:05:15 IST 2026 ===
=== Sync started at Sat Jun 20 08:12:23 IST 2026 ===
Connecting to IMAP mail server at imap.gmail.com:993...
Error: getaddrinfo ENOTFOUND imap.gmail.com
    at GetAddrInfoReqWrap.onlookupall [as oncomplete] (node:dns:122:26) {
  errno: -3008,
  code: 'ENOTFOUND',
  syscall: 'getaddrinfo',
  hostname: 'imap.gmail.com'
}
--- TenderPocket Alert Engine Started ---
Using SMTP Config: Host=smtp.gmail.com, Port=465, Secure=true, User=anuthibhansali@gmail.com
Alert Recipient (Manager Email): anuthibhansali@gmail.com
Today's IST Date: 2026-06-20
Analyzed 1540 active tenders.
- SLA Alerts (T+3): 152
- Due Alerts (T2-3 / T2) for Issued Tenders: 181
- Due Alerts (T2-3 / T2) for Ready to File Tenders: 0
Sending email alert via nodemailer...
Failed to send email alert: Error: getaddrinfo ENOTFOUND smtp.gmail.com
    at GetAddrInfoReqWrap.onlookupall [as oncomplete] (node:dns:122:26) {
  errno: -3008,
  code: 'EDNS',
  syscall: 'getaddrinfo',
  hostname: 'smtp.gmail.com',
  command: 'CONN'
}
=== Sync completed at Sat Jun 20 08:12:24 IST 2026 ===
=== Sync started at Sun Jun 21 08:02:41 IST 2026 ===
Connecting to IMAP mail server at imap.gmail.com:993...
Error: getaddrinfo ENOTFOUND imap.gmail.com
    at GetAddrInfoReqWrap.onlookupall [as oncomplete] (node:dns:122:26) {
  errno: -3008,
  code: 'ENOTFOUND',
  syscall: 'getaddrinfo',
  hostname: 'imap.gmail.com'
}
--- TenderPocket Alert Engine Started ---
Using SMTP Config: Host=smtp.gmail.com, Port=465, Secure=true, User=anuthibhansali@gmail.com
Alert Recipient (Manager Email): anuthibhansali@gmail.com
Today's IST Date: 2026-06-21
Analyzed 25 active tenders.
- SLA Alerts (T+3): 0
- Due Alerts (T2-3 / T2) for Issued Tenders: 0
- Due Alerts (T2-3 / T2) for Ready to File Tenders: 0
No tenders matching alert thresholds today. Exiting.
=== Sync completed at Sun Jun 21 08:02:41 IST 2026 ===
=== Sync started at Mon Jun 22 08:13:37 IST 2026 ===
Connecting to IMAP mail server at imap.gmail.com:993...
Error: getaddrinfo ENOTFOUND imap.gmail.com
    at GetAddrInfoReqWrap.onlookupall [as oncomplete] (node:dns:122:26) {
  errno: -3008,
  code: 'ENOTFOUND',
  syscall: 'getaddrinfo',
  hostname: 'imap.gmail.com'
}
--- TenderPocket Alert Engine Started ---
Using SMTP Config: Host=smtp.gmail.com, Port=465, Secure=true, User=anuthibhansali@gmail.com
Alert Recipient (Manager Email): anuthibhansali@gmail.com
Today's IST Date: 2026-06-22
Analyzed 51 active tenders.
- SLA Alerts (T+3): 0
- Due Alerts (T2-3 / T2) for Issued Tenders: 4
- Due Alerts (T2-3 / T2) for Ready to File Tenders: 0
Sending email alert via nodemailer...
Failed to send email alert: Error: getaddrinfo ENOTFOUND smtp.gmail.com
    at GetAddrInfoReqWrap.onlookupall [as oncomplete] (node:dns:122:26) {
  errno: -3008,
  code: 'EDNS',
  syscall: 'getaddrinfo',
  hostname: 'smtp.gmail.com',
  command: 'CONN'
}
=== Sync completed at Mon Jun 22 08:13:37 IST 2026 ===
=== Sync started at Tue Jun 23 08:07:46 IST 2026 ===
Connecting to IMAP mail server at imap.gmail.com:993...
Error: getaddrinfo ENOTFOUND imap.gmail.com
    at GetAddrInfoReqWrap.onlookupall [as oncomplete] (node:dns:122:26) {
  errno: -3008,
  code: 'ENOTFOUND',
  syscall: 'getaddrinfo',
  hostname: 'imap.gmail.com'
}
--- TenderPocket Alert Engine Started ---
Using SMTP Config: Host=smtp.gmail.com, Port=465, Secure=true, User=anuthibhansali@gmail.com
Alert Recipient (Manager Email): anuthibhansali@gmail.com
Today's IST Date: 2026-06-23
Analyzed 60 active tenders.
- SLA Alerts (T+3): 25
- Due Alerts (T2-3 / T2) for Issued Tenders: 0
- Due Alerts (T2-3 / T2) for Ready to File Tenders: 0
Sending email alert via nodemailer...
Failed to send email alert: Error: getaddrinfo ENOTFOUND smtp.gmail.com
    at GetAddrInfoReqWrap.onlookupall [as oncomplete] (node:dns:122:26) {
  errno: -3008,
  code: 'EDNS',
  syscall: 'getaddrinfo',
  hostname: 'smtp.gmail.com',
  command: 'CONN'
}
=== Sync completed at Tue Jun 23 08:07:46 IST 2026 ===
=== Sync started at Wed Jun 24 08:14:05 IST 2026 ===
Connecting to IMAP mail server at imap.gmail.com:993...
Error: getaddrinfo ENOTFOUND imap.gmail.com
    at GetAddrInfoReqWrap.onlookupall [as oncomplete] (node:dns:122:26) {
  errno: -3008,
  code: 'ENOTFOUND',
  syscall: 'getaddrinfo',
  hostname: 'imap.gmail.com'
}
--- TenderPocket Alert Engine Started ---
Using SMTP Config: Host=smtp.gmail.com, Port=465, Secure=true, User=anuthibhansali@gmail.com
Alert Recipient (Manager Email): anuthibhansali@gmail.com
Today's IST Date: 2026-06-24
Analyzed 95 active tenders.
- SLA Alerts (T+3): 26
- Due Alerts (T2-3 / T2) for Issued Tenders: 1
- Due Alerts (T2-3 / T2) for Ready to File Tenders: 0
Sending email alert via nodemailer...
Failed to send email alert: Error: getaddrinfo ENOTFOUND smtp.gmail.com
    at GetAddrInfoReqWrap.onlookupall [as oncomplete] (node:dns:122:26) {
  errno: -3008,
  code: 'EDNS',
  syscall: 'getaddrinfo',
  hostname: 'smtp.gmail.com',
  command: 'CONN'
}
=== Sync completed at Wed Jun 24 08:14:06 IST 2026 ===
=== Sync started at Thu Jun 25 08:02:35 IST 2026 ===
Connecting to IMAP mail server at imap.gmail.com:993...
Error: getaddrinfo ENOTFOUND imap.gmail.com
    at GetAddrInfoReqWrap.onlookupall [as oncomplete] (node:dns:122:26) {
  errno: -3008,
  code: 'ENOTFOUND',
  syscall: 'getaddrinfo',
  hostname: 'imap.gmail.com'
}
--- TenderPocket Alert Engine Started ---
Using SMTP Config: Host=smtp.gmail.com, Port=465, Secure=true, User=anuthibhansali@gmail.com
Alert Recipient (Manager Email): anuthibhansali@gmail.com
Today's IST Date: 2026-06-25
Analyzed 112 active tenders.
- SLA Alerts (T+3): 9
- Due Alerts (T2-3 / T2) for Issued Tenders: 1
- Due Alerts (T2-3 / T2) for Ready to File Tenders: 0
Sending email alert via nodemailer...
Failed to send email alert: Error: getaddrinfo ENOTFOUND smtp.gmail.com
    at GetAddrInfoReqWrap.onlookupall [as oncomplete] (node:dns:122:26) {
  errno: -3008,
  code: 'EDNS',
  syscall: 'getaddrinfo',
  hostname: 'smtp.gmail.com',
  command: 'CONN'
}
=== Sync completed at Thu Jun 25 08:02:35 IST 2026 ===
=== Sync started at Fri Jun 26 08:13:00 IST 2026 ===
Connecting to IMAP mail server at imap.gmail.com:993...
Error: getaddrinfo ENOTFOUND imap.gmail.com
    at GetAddrInfoReqWrap.onlookupall [as oncomplete] (node:dns:122:26) {
  errno: -3008,
  code: 'ENOTFOUND',
  syscall: 'getaddrinfo',
  hostname: 'imap.gmail.com'
}
--- TenderPocket Alert Engine Started ---
Using SMTP Config: Host=smtp.gmail.com, Port=465, Secure=true, User=anuthibhansali@gmail.com
Alert Recipient (Manager Email): anuthibhansali@gmail.com
Today's IST Date: 2026-06-26
Analyzed 125 active tenders.
- SLA Alerts (T+3): 30
- Due Alerts (T2-3 / T2) for Issued Tenders: 0
- Due Alerts (T2-3 / T2) for Ready to File Tenders: 0
Sending email alert via nodemailer...
Failed to send email alert: Error: getaddrinfo ENOTFOUND smtp.gmail.com
    at GetAddrInfoReqWrap.onlookupall [as oncomplete] (node:dns:122:26) {
  errno: -3008,
  code: 'EDNS',
  syscall: 'getaddrinfo',
  hostname: 'smtp.gmail.com',
  command: 'CONN'
}
=== Sync completed at Fri Jun 26 08:13:00 IST 2026 ===
=== Sync started at Fri Jun 26 17:42:43 IST 2026 ===
Connecting to IMAP mail server at imap.gmail.com:993...
Successfully locked INBOX. Searching for matching Tender247 emails...
Found 1 matching unread email message(s).
Fetching message UID: 74280...
Sending message UID: 74280 to scraping endpoint: http://localhost:3000/api/process-email...
SUCCESS [UID 74280]: Successfully processed email. Extracted 10 tender(s). Added 0 new, updated 4 corrigendum/due-date changes, skipped 6 duplicate(s), failed 0.
Message UID 74280 marked as Seen.
Logged out of IMAP mail server.
--- TenderPocket Alert Engine Started ---
Using SMTP Config: Host=smtp.gmail.com, Port=465, Secure=true, User=anuthibhansali@gmail.com
Alert Recipient (Manager Email): anuthibhansali@gmail.com
Today's IST Date: 2026-06-26
Analyzed 127 active tenders.
- SLA Alerts (T+3): 30
- Due Alerts (T2-3 / T2) for Issued Tenders: 0
- Due Alerts (T2-3 / T2) for Ready to File Tenders: 0
Sending email alert via nodemailer...
Alert email sent successfully. Message ID: <fc238312-9fdb-db7e-912e-52df8bb5db87@gmail.com>
=== Sync completed at Fri Jun 26 17:43:01 IST 2026 ===
=== Sync started at Sat Jun 27 08:05:04 IST 2026 ===
Checking internet connection...
Internet connected!
Connecting to IMAP mail server at imap.gmail.com:993...
node:events:487
      throw er; // Unhandled 'error' event
      ^

Error: read ECONNRESET
    at TLSWrap.onStreamRead (node:internal/stream_base_commons:216:20)
Emitted 'error' event on ImapFlow instance at:
    at ImapFlow.emitError (/Users/anuthibhansali/.gemini/antigravity/scratch/tender-pocket/node_modules/imapflow/lib/imap-flow.js:408:14)
    at TLSSocket.<anonymous> (/Users/anuthibhansali/.gemini/antigravity/scratch/tender-pocket/node_modules/imapflow/lib/imap-flow.js:859:22)
    at Object.onceWrapper (node:events:631:26)
    at TLSSocket.emit (node:events:521:24)
    at emitErrorNT (node:internal/streams/destroy:170:8)
    at emitErrorCloseNT (node:internal/streams/destroy:129:3)
    at process.processTicksAndRejections (node:internal/process/task_queues:90:21) {
  errno: -54,
  code: 'ECONNRESET',
  syscall: 'read',
  _connId: '105gtncnmsug62uwhma4'
}

Node.js v24.15.0
--- TenderPocket Alert Engine Started ---
Using SMTP Config: Host=smtp.gmail.com, Port=465, Secure=true, User=anuthibhansali@gmail.com
Alert Recipient (Manager Email): anuthibhansali@gmail.com
Today's IST Date: 2026-06-27
Analyzed 179 active tenders.
- SLA Alerts (T+3): 14
- Due Alerts (T2-3 / T2) for Issued Tenders: 3
- Due Alerts (T2-3 / T2) for Ready to File Tenders: 0
Sending email alert via nodemailer...
Alert email sent successfully. Message ID: <8ecbd03d-b935-f7e8-6571-886779965248@gmail.com>
=== Sync completed at Sat Jun 27 08:09:19 IST 2026 ===
=== Sync started at Sun Jun 28 08:08:45 IST 2026 ===
Checking internet connection...
Internet connected!
Connecting to IMAP mail server at imap.gmail.com:993...
node:events:487
      throw er; // Unhandled 'error' event
      ^

Error: Socket timeout
    at TLSSocket.<anonymous> (/Users/anuthibhansali/.gemini/antigravity/scratch/tender-pocket/node_modules/imapflow/lib/imap-flow.js:875:29)
    at TLSSocket.emit (node:events:509:28)
    at Socket._onTimeout (node:net:610:8)
    at listOnTimeout (node:internal/timers:605:17)
    at process.processTimers (node:internal/timers:541:7)
Emitted 'error' event on ImapFlow instance at:
    at ImapFlow.emitError (/Users/anuthibhansali/.gemini/antigravity/scratch/tender-pocket/node_modules/imapflow/lib/imap-flow.js:408:14)
    at TLSSocket.<anonymous> (/Users/anuthibhansali/.gemini/antigravity/scratch/tender-pocket/node_modules/imapflow/lib/imap-flow.js:895:26)
    at TLSSocket.emit (node:events:509:28)
    at Socket._onTimeout (node:net:610:8)
    at listOnTimeout (node:internal/timers:605:17)
    at process.processTimers (node:internal/timers:541:7) {
  code: 'ETIMEOUT',
  _connId: '18u08hyelkrhy9tg855l'
}

Node.js v24.15.0
--- TenderPocket Alert Engine Started ---
Using SMTP Config: Host=smtp.gmail.com, Port=465, Secure=true, User=anuthibhansali@gmail.com
Alert Recipient (Manager Email): anuthibhansali@gmail.com
Today's IST Date: 2026-06-28
Analyzed 183 active tenders.
- SLA Alerts (T+3): 24
- Due Alerts (T2-3 / T2) for Issued Tenders: 0
- Due Alerts (T2-3 / T2) for Ready to File Tenders: 0
Sending email alert via nodemailer...
Failed to send email alert: Error: Timeout
    at SMTPConnection._onTimeout (/Users/anuthibhansali/.gemini/antigravity/scratch/tender-pocket/node_modules/nodemailer/lib/smtp-connection/index.js:986:30)
    at SMTPConnection._onSocketTimeout (/Users/anuthibhansali/.gemini/antigravity/scratch/tender-pocket/node_modules/nodemailer/lib/smtp-connection/index.js:228:44)
    at TLSSocket.emit (node:events:509:28)
    at Socket._onTimeout (node:net:610:8)
    at listOnTimeout (node:internal/timers:605:17)
    at process.processTimers (node:internal/timers:541:7) {
  code: 'ETIMEDOUT',
  command: 'CONN'
}
=== Sync completed at Sun Jun 28 08:56:06 IST 2026 ===
=== Sync started at Sun Jun 28 11:50:02 IST 2026 ===
Checking internet connection...
Internet connected! Letting connection stabilize for 10s...
Connecting to IMAP mail server at imap.gmail.com:993... (Attempt 1/3)
Successfully locked INBOX. Searching for matching Tender247 emails...
Found 1 matching unread email message(s).
Fetching message UID: 74280...
Sending message UID: 74280 to scraping endpoint: http://localhost:3000/api/process-email...
SUCCESS [UID 74280]: Successfully processed email. Extracted 10 tender(s). Added 0 new, updated 4 corrigendum/due-date changes, skipped 6 duplicate(s), failed 0.
Message UID 74280 marked as Seen.
Logged out of IMAP mail server.
--- TenderPocket Alert Engine Started ---
Using SMTP Config: Host=smtp.gmail.com, Port=465, Secure=true, User=anuthibhansali@gmail.com
Alert Recipient (Manager Email): anuthibhansali@gmail.com
Today's IST Date: 2026-06-28
Analyzed 204 active tenders.
- SLA Alerts (T+3): 24
- Due Alerts (T2-3 / T2) for Issued Tenders: 0
- Due Alerts (T2-3 / T2) for Ready to File Tenders: 0
Sending email alert via nodemailer...
Alert email sent successfully. Message ID: <1fc0cfcf-00eb-47e8-34b3-6a854aeaf5bc@gmail.com>
=== Sync completed at Sun Jun 28 11:50:23 IST 2026 ===
=== Sync started at Sun Jun 28 17:14:01 IST 2026 ===
Checking internet connection...
Internet connected! Letting connection stabilize for 10s...
Connecting to IMAP mail server at imap.gmail.com:993... (Attempt 1/3)
Successfully locked INBOX. Searching for matching Tender247 emails...
Found 1 matching unread email message(s).
Fetching message UID: 74280...
Sending message UID: 74280 to scraping endpoint: http://localhost:3000/api/process-email...
node:events:487
      throw er; // Unhandled 'error' event
      ^

Error: read ECONNRESET
    at TLSWrap.onStreamRead (node:internal/stream_base_commons:216:20)
Emitted 'error' event on ImapFlow instance at:
    at ImapFlow.emitError (/Users/anuthibhansali/.gemini/antigravity/scratch/tender-pocket/node_modules/imapflow/lib/imap-flow.js:408:14)
    at TLSSocket.<anonymous> (/Users/anuthibhansali/.gemini/antigravity/scratch/tender-pocket/node_modules/imapflow/lib/imap-flow.js:859:22)
    at Object.onceWrapper (node:events:631:26)
    at TLSSocket.emit (node:events:521:24)
    at emitErrorNT (node:internal/streams/destroy:170:8)
    at emitErrorCloseNT (node:internal/streams/destroy:129:3)
    at process.processTicksAndRejections (node:internal/process/task_queues:90:21) {
  errno: -54,
  code: 'ECONNRESET',
  syscall: 'read',
  _connId: '1ecxi278xjtj70bnb173'
}

Node.js v24.15.0
--- TenderPocket Alert Engine Started ---
Using SMTP Config: Host=smtp.gmail.com, Port=465, Secure=true, User=anuthibhansali@gmail.com
Alert Recipient (Manager Email): anuthibhansali@gmail.com
Today's IST Date: 2026-06-28
Analyzed 204 active tenders.
- SLA Alerts (T+3): 24
- Due Alerts (T2-3 / T2) for Issued Tenders: 0
- Due Alerts (T2-3 / T2) for Ready to File Tenders: 0
Sending email alert via nodemailer...
Alert email sent successfully. Message ID: <400f2ce3-25ab-d3a4-221c-1fac6280f3d4@gmail.com>
=== Sync completed at Sun Jun 28 18:39:34 IST 2026 ===
=== Sync started at Mon Jun 29 09:01:53 IST 2026 ===
Checking internet connection...
Waiting for internet connection (attempt 1/30)...
Waiting for internet connection (attempt 2/30)...
Waiting for internet connection (attempt 3/30)...
Waiting for internet connection (attempt 4/30)...
Waiting for internet connection (attempt 5/30)...
Waiting for internet connection (attempt 6/30)...
Waiting for internet connection (attempt 7/30)...
Waiting for internet connection (attempt 8/30)...
Waiting for internet connection (attempt 9/30)...
Waiting for internet connection (attempt 10/30)...
Internet connected! Letting connection stabilize for 10s...
Connecting to IMAP mail server at imap.gmail.com:993... (Attempt 1/3)
Successfully locked INBOX. Searching for matching Tender247 emails...
Found 1 matching unread email message(s).
Fetching message UID: 74280...
Sending message UID: 74280 to scraping endpoint: http://localhost:3000/api/process-email...
SUCCESS [UID 74280]: Successfully processed email. Extracted 10 tender(s). Added 0 new, updated 4 corrigendum/due-date changes, skipped 6 duplicate(s), failed 0.
Message UID 74280 marked as Seen.
Logged out of IMAP mail server.
--- TenderPocket Alert Engine Started ---
Using SMTP Config: Host=smtp.gmail.com, Port=465, Secure=true, User=anuthibhansali@gmail.com
Alert Recipient (Manager Email): anuthibhansali@gmail.com
Today's IST Date: 2026-06-29
Analyzed 206 active tenders.
- SLA Alerts (T+3): 56
- Due Alerts (T2-3 / T2) for Issued Tenders: 0
- Due Alerts (T2-3 / T2) for Ready to File Tenders: 0
Sending email alert via nodemailer...
Alert email sent successfully. Message ID: <238c084b-b422-dedc-3a15-d2afe6d88748@gmail.com>
=== Sync completed at Mon Jun 29 09:45:31 IST 2026 ===
=== Sync started at Mon Jun 29 17:08:44 IST 2026 ===
Checking internet connection...
Waiting for internet connection (attempt 1/30)...
Waiting for internet connection (attempt 2/30)...
Waiting for internet connection (attempt 3/30)...
Waiting for internet connection (attempt 4/30)...
Waiting for internet connection (attempt 5/30)...
Waiting for internet connection (attempt 6/30)...
Waiting for internet connection (attempt 7/30)...
Waiting for internet connection (attempt 8/30)...
Waiting for internet connection (attempt 9/30)...
Waiting for internet connection (attempt 10/30)...
Waiting for internet connection (attempt 11/30)...
Waiting for internet connection (attempt 12/30)...
Waiting for internet connection (attempt 13/30)...
Waiting for internet connection (attempt 14/30)...
Waiting for internet connection (attempt 15/30)...
Waiting for internet connection (attempt 16/30)...
Waiting for internet connection (attempt 17/30)...
Waiting for internet connection (attempt 18/30)...
Waiting for internet connection (attempt 19/30)...
Waiting for internet connection (attempt 20/30)...
Waiting for internet connection (attempt 21/30)...
Waiting for internet connection (attempt 22/30)...
Waiting for internet connection (attempt 23/30)...
Waiting for internet connection (attempt 24/30)...
Waiting for internet connection (attempt 25/30)...
Waiting for internet connection (attempt 26/30)...
Waiting for internet connection (attempt 27/30)...
Waiting for internet connection (attempt 28/30)...
Waiting for internet connection (attempt 29/30)...
Waiting for internet connection (attempt 30/30)...
Connecting to IMAP mail server at imap.gmail.com:993... (Attempt 1/3)
[Network Retry] IMAP connection failed: getaddrinfo ENOTFOUND imap.gmail.com. Retrying in 10s...
Connecting to IMAP mail server at imap.gmail.com:993... (Attempt 2/3)
[Network Retry] IMAP connection failed: Can not re-use ImapFlow instance. Retrying in 10s...
Connecting to IMAP mail server at imap.gmail.com:993... (Attempt 3/3)
An error occurred during IMAP connection setup: Error: Can not re-use ImapFlow instance
    at ImapFlow.connect (/Users/anuthibhansali/.gemini/antigravity/scratch/tender-pocket/node_modules/imapflow/lib/imap-flow.js:1610:19)
    at run (/Users/anuthibhansali/.gemini/antigravity/scratch/tender-pocket/scripts/sync-emails.js:36:20)
Error: Can not re-use ImapFlow instance
    at ImapFlow.connect (/Users/anuthibhansali/.gemini/antigravity/scratch/tender-pocket/node_modules/imapflow/lib/imap-flow.js:1610:19)
    at run (/Users/anuthibhansali/.gemini/antigravity/scratch/tender-pocket/scripts/sync-emails.js:36:20)
--- TenderPocket Alert Engine Started ---
Using SMTP Config: Host=smtp.gmail.com, Port=465, Secure=true, User=anuthibhansali@gmail.com
Alert Recipient (Manager Email): anuthibhansali@gmail.com
Today's IST Date: 2026-06-29
Analyzed 206 active tenders.
- SLA Alerts (T+3): 56
- Due Alerts (T2-3 / T2) for Issued Tenders: 0
- Due Alerts (T2-3 / T2) for Ready to File Tenders: 0
Sending email alert via nodemailer...
[Network Retry] Email sending failed: getaddrinfo ENOTFOUND smtp.gmail.com. Retrying in 10s (attempt 1/3)...
[Network Retry] Email sending failed: getaddrinfo ENOTFOUND smtp.gmail.com. Retrying in 10s (attempt 2/3)...
Failed to send email alert after all retries: Error: getaddrinfo ENOTFOUND smtp.gmail.com
    at GetAddrInfoReqWrap.onlookupall [as oncomplete] (node:dns:122:26) {
  errno: -3008,
  code: 'EDNS',
  syscall: 'getaddrinfo',
  hostname: 'smtp.gmail.com',
  command: 'CONN'
}
=== Sync completed at Mon Jun 29 18:54:21 IST 2026 ===
=== Sync started at Tue Jun 30 09:16:40 IST 2026 ===
Checking internet connection...
Waiting for internet connection (attempt 1/30)...
Waiting for internet connection (attempt 2/30)...
Waiting for internet connection (attempt 3/30)...
Waiting for internet connection (attempt 4/30)...
Waiting for internet connection (attempt 5/30)...
Waiting for internet connection (attempt 6/30)...
Waiting for internet connection (attempt 7/30)...
Waiting for internet connection (attempt 8/30)...
Waiting for internet connection (attempt 9/30)...
Waiting for internet connection (attempt 10/30)...
Waiting for internet connection (attempt 11/30)...
Waiting for internet connection (attempt 12/30)...
Waiting for internet connection (attempt 13/30)...
Waiting for internet connection (attempt 14/30)...
Waiting for internet connection (attempt 15/30)...
Waiting for internet connection (attempt 16/30)...
Waiting for internet connection (attempt 17/30)...
Waiting for internet connection (attempt 18/30)...
Waiting for internet connection (attempt 19/30)...
Waiting for internet connection (attempt 20/30)...
Waiting for internet connection (attempt 21/30)...
Waiting for internet connection (attempt 22/30)...
Waiting for internet connection (attempt 23/30)...
Waiting for internet connection (attempt 24/30)...
Waiting for internet connection (attempt 25/30)...
Waiting for internet connection (attempt 26/30)...
Waiting for internet connection (attempt 27/30)...
Waiting for internet connection (attempt 28/30)...
Waiting for internet connection (attempt 29/30)...
Waiting for internet connection (attempt 30/30)...
Connecting to IMAP mail server at imap.gmail.com:993... (Attempt 1/3)
[Network Retry] IMAP connection failed: getaddrinfo ENOTFOUND imap.gmail.com. Retrying in 10s...
Connecting to IMAP mail server at imap.gmail.com:993... (Attempt 2/3)
[Network Retry] IMAP connection failed: Can not re-use ImapFlow instance. Retrying in 10s...
Connecting to IMAP mail server at imap.gmail.com:993... (Attempt 3/3)
An error occurred during IMAP connection setup: Error: Can not re-use ImapFlow instance
    at ImapFlow.connect (/Users/anuthibhansali/.gemini/antigravity/scratch/tender-pocket/node_modules/imapflow/lib/imap-flow.js:1610:19)
    at run (/Users/anuthibhansali/.gemini/antigravity/scratch/tender-pocket/scripts/sync-emails.js:36:20)
Error: Can not re-use ImapFlow instance
    at ImapFlow.connect (/Users/anuthibhansali/.gemini/antigravity/scratch/tender-pocket/node_modules/imapflow/lib/imap-flow.js:1610:19)
    at run (/Users/anuthibhansali/.gemini/antigravity/scratch/tender-pocket/scripts/sync-emails.js:36:20)
--- TenderPocket Alert Engine Started ---
Using SMTP Config: Host=smtp.gmail.com, Port=465, Secure=true, User=anuthibhansali@gmail.com
Alert Recipient (Manager Email): anuthibhansali@gmail.com
Today's IST Date: 2026-06-30
Analyzed 206 active tenders.
- SLA Alerts (T+3): 4
- Due Alerts (T2-3 / T2) for Issued Tenders: 0
- Due Alerts (T2-3 / T2) for Ready to File Tenders: 0
Sending email alert via nodemailer...
[Network Retry] Email sending failed: getaddrinfo ENOTFOUND smtp.gmail.com. Retrying in 10s (attempt 1/3)...
[Network Retry] Email sending failed: getaddrinfo ENOTFOUND smtp.gmail.com. Retrying in 10s (attempt 2/3)...
Failed to send email alert after all retries: Error: getaddrinfo ENOTFOUND smtp.gmail.com
    at GetAddrInfoReqWrap.onlookupall [as oncomplete] (node:dns:122:26) {
  errno: -3008,
  code: 'EDNS',
  syscall: 'getaddrinfo',
  hostname: 'smtp.gmail.com',
  command: 'CONN'
}
=== Sync completed at Tue Jun 30 10:27:20 IST 2026 ===
=== Sync started at Tue Jun 30 17:09:43 IST 2026 ===
Checking internet connection...
Waiting for internet connection (attempt 1/30)...
Waiting for internet connection (attempt 2/30)...
Waiting for internet connection (attempt 3/30)...
Waiting for internet connection (attempt 4/30)...
Waiting for internet connection (attempt 5/30)...
Waiting for internet connection (attempt 6/30)...
Waiting for internet connection (attempt 7/30)...
Waiting for internet connection (attempt 8/30)...
Waiting for internet connection (attempt 9/30)...
Waiting for internet connection (attempt 10/30)...
Waiting for internet connection (attempt 11/30)...
Waiting for internet connection (attempt 12/30)...
Waiting for internet connection (attempt 13/30)...
Waiting for internet connection (attempt 14/30)...
Waiting for internet connection (attempt 15/30)...
Waiting for internet connection (attempt 16/30)...
Waiting for internet connection (attempt 17/30)...
Waiting for internet connection (attempt 18/30)...
Waiting for internet connection (attempt 19/30)...
Waiting for internet connection (attempt 20/30)...
Waiting for internet connection (attempt 21/30)...
Waiting for internet connection (attempt 22/30)...
Waiting for internet connection (attempt 23/30)...
Waiting for internet connection (attempt 24/30)...
Waiting for internet connection (attempt 25/30)...
Waiting for internet connection (attempt 26/30)...
Waiting for internet connection (attempt 27/30)...
Waiting for internet connection (attempt 28/30)...
Waiting for internet connection (attempt 29/30)...
Waiting for internet connection (attempt 30/30)...
Connecting to IMAP mail server at imap.gmail.com:993... (Attempt 1/3)
[Network Retry] IMAP connection failed: getaddrinfo ENOTFOUND imap.gmail.com. Retrying in 10s...
Connecting to IMAP mail server at imap.gmail.com:993... (Attempt 2/3)
[Network Retry] IMAP connection failed: Can not re-use ImapFlow instance. Retrying in 10s...
Connecting to IMAP mail server at imap.gmail.com:993... (Attempt 3/3)
An error occurred during IMAP connection setup: Error: Can not re-use ImapFlow instance
    at ImapFlow.connect (/Users/anuthibhansali/.gemini/antigravity/scratch/tender-pocket/node_modules/imapflow/lib/imap-flow.js:1610:19)
    at run (/Users/anuthibhansali/.gemini/antigravity/scratch/tender-pocket/scripts/sync-emails.js:36:20)
Error: Can not re-use ImapFlow instance
    at ImapFlow.connect (/Users/anuthibhansali/.gemini/antigravity/scratch/tender-pocket/node_modules/imapflow/lib/imap-flow.js:1610:19)
    at run (/Users/anuthibhansali/.gemini/antigravity/scratch/tender-pocket/scripts/sync-emails.js:36:20)
--- TenderPocket Alert Engine Started ---
Using SMTP Config: Host=smtp.gmail.com, Port=465, Secure=true, User=anuthibhansali@gmail.com
Alert Recipient (Manager Email): anuthibhansali@gmail.com
Today's IST Date: 2026-06-30
Analyzed 206 active tenders.
- SLA Alerts (T+3): 4
- Due Alerts (T2-3 / T2) for Issued Tenders: 0
- Due Alerts (T2-3 / T2) for Ready to File Tenders: 0
Sending email alert via nodemailer...
[Network Retry] Email sending failed: getaddrinfo ENOTFOUND smtp.gmail.com. Retrying in 10s (attempt 1/3)...
[Network Retry] Email sending failed: getaddrinfo ENOTFOUND smtp.gmail.com. Retrying in 10s (attempt 2/3)...
Failed to send email alert after all retries: Error: getaddrinfo ENOTFOUND smtp.gmail.com
    at GetAddrInfoReqWrap.onlookupall [as oncomplete] (node:dns:122:26) {
  errno: -3008,
  code: 'EDNS',
  syscall: 'getaddrinfo',
  hostname: 'smtp.gmail.com',
  command: 'CONN'
}
=== Sync completed at Tue Jun 30 18:35:13 IST 2026 ===
=== Sync started at Wed Jul  1 09:03:46 IST 2026 ===
Checking internet connection...
Waiting for internet connection (attempt 1/30)...
Waiting for internet connection (attempt 2/30)...
Waiting for internet connection (attempt 3/30)...
Waiting for internet connection (attempt 4/30)...
Waiting for internet connection (attempt 5/30)...
Waiting for internet connection (attempt 6/30)...
Waiting for internet connection (attempt 7/30)...
Waiting for internet connection (attempt 8/30)...
Waiting for internet connection (attempt 9/30)...
Waiting for internet connection (attempt 10/30)...
Waiting for internet connection (attempt 11/30)...
Waiting for internet connection (attempt 12/30)...
Waiting for internet connection (attempt 13/30)...
Waiting for internet connection (attempt 14/30)...
Waiting for internet connection (attempt 15/30)...
Waiting for internet connection (attempt 16/30)...
Waiting for internet connection (attempt 17/30)...
Waiting for internet connection (attempt 18/30)...
Waiting for internet connection (attempt 19/30)...
Waiting for internet connection (attempt 20/30)...
Waiting for internet connection (attempt 21/30)...
Waiting for internet connection (attempt 22/30)...
Waiting for internet connection (attempt 23/30)...
Waiting for internet connection (attempt 24/30)...
Waiting for internet connection (attempt 25/30)...
Waiting for internet connection (attempt 26/30)...
Waiting for internet connection (attempt 27/30)...
Waiting for internet connection (attempt 28/30)...
Waiting for internet connection (attempt 29/30)...
Waiting for internet connection (attempt 30/30)...
Connecting to IMAP mail server at imap.gmail.com:993... (Attempt 1/3)
[Network Retry] IMAP connection failed: getaddrinfo ENOTFOUND imap.gmail.com. Retrying in 10s...
Connecting to IMAP mail server at imap.gmail.com:993... (Attempt 2/3)
[Network Retry] IMAP connection failed: Can not re-use ImapFlow instance. Retrying in 10s...
Connecting to IMAP mail server at imap.gmail.com:993... (Attempt 3/3)
An error occurred during IMAP connection setup: Error: Can not re-use ImapFlow instance
    at ImapFlow.connect (/Users/anuthibhansali/.gemini/antigravity/scratch/tender-pocket/node_modules/imapflow/lib/imap-flow.js:1610:19)
    at run (/Users/anuthibhansali/.gemini/antigravity/scratch/tender-pocket/scripts/sync-emails.js:36:20)
Error: Can not re-use ImapFlow instance
    at ImapFlow.connect (/Users/anuthibhansali/.gemini/antigravity/scratch/tender-pocket/node_modules/imapflow/lib/imap-flow.js:1610:19)
    at run (/Users/anuthibhansali/.gemini/antigravity/scratch/tender-pocket/scripts/sync-emails.js:36:20)
--- TenderPocket Alert Engine Started ---
Using SMTP Config: Host=smtp.gmail.com, Port=465, Secure=true, User=anuthibhansali@gmail.com
Alert Recipient (Manager Email): anuthibhansali@gmail.com
Today's IST Date: 2026-07-01
Analyzed 206 active tenders.
- SLA Alerts (T+3): 23
- Due Alerts (T2-3 / T2) for Issued Tenders: 0
- Due Alerts (T2-3 / T2) for Ready to File Tenders: 0
Sending email alert via nodemailer...
[Network Retry] Email sending failed: getaddrinfo ENOTFOUND smtp.gmail.com. Retrying in 10s (attempt 1/3)...
[Network Retry] Email sending failed: getaddrinfo ENOTFOUND smtp.gmail.com. Retrying in 10s (attempt 2/3)...
Failed to send email alert after all retries: Error: getaddrinfo ENOTFOUND smtp.gmail.com
    at GetAddrInfoReqWrap.onlookupall [as oncomplete] (node:dns:122:26) {
  errno: -3008,
  code: 'EDNS',
  syscall: 'getaddrinfo',
  hostname: 'smtp.gmail.com',
  command: 'CONN'
}
=== Sync completed at Wed Jul  1 09:56:47 IST 2026 ===
=== Sync started at Wed Jul  1 17:04:43 IST 2026 ===
Checking internet connection...
Waiting for internet connection (attempt 1/30)...
Waiting for internet connection (attempt 2/30)...
Waiting for internet connection (attempt 3/30)...
Waiting for internet connection (attempt 4/30)...
Waiting for internet connection (attempt 5/30)...
Waiting for internet connection (attempt 6/30)...
Waiting for internet connection (attempt 7/30)...
Waiting for internet connection (attempt 8/30)...
Waiting for internet connection (attempt 9/30)...
Waiting for internet connection (attempt 10/30)...
Waiting for internet connection (attempt 11/30)...
Waiting for internet connection (attempt 12/30)...
Waiting for internet connection (attempt 13/30)...
Waiting for internet connection (attempt 14/30)...
Waiting for internet connection (attempt 15/30)...
Waiting for internet connection (attempt 16/30)...
Waiting for internet connection (attempt 17/30)...
Waiting for internet connection (attempt 18/30)...
Waiting for internet connection (attempt 19/30)...
Waiting for internet connection (attempt 20/30)...
Waiting for internet connection (attempt 21/30)...
Waiting for internet connection (attempt 22/30)...
Waiting for internet connection (attempt 23/30)...
Waiting for internet connection (attempt 24/30)...
Waiting for internet connection (attempt 25/30)...
Waiting for internet connection (attempt 26/30)...
Waiting for internet connection (attempt 27/30)...
Waiting for internet connection (attempt 28/30)...
Waiting for internet connection (attempt 29/30)...
Waiting for internet connection (attempt 30/30)...
Connecting to IMAP mail server at imap.gmail.com:993... (Attempt 1/3)
[Network Retry] IMAP connection failed: getaddrinfo ENOTFOUND imap.gmail.com. Retrying in 10s...
Connecting to IMAP mail server at imap.gmail.com:993... (Attempt 2/3)
[Network Retry] IMAP connection failed: Can not re-use ImapFlow instance. Retrying in 10s...
Connecting to IMAP mail server at imap.gmail.com:993... (Attempt 3/3)
An error occurred during IMAP connection setup: Error: Can not re-use ImapFlow instance
    at ImapFlow.connect (/Users/anuthibhansali/.gemini/antigravity/scratch/tender-pocket/node_modules/imapflow/lib/imap-flow.js:1610:19)
    at run (/Users/anuthibhansali/.gemini/antigravity/scratch/tender-pocket/scripts/sync-emails.js:36:20)
Error: Can not re-use ImapFlow instance
    at ImapFlow.connect (/Users/anuthibhansali/.gemini/antigravity/scratch/tender-pocket/node_modules/imapflow/lib/imap-flow.js:1610:19)
    at run (/Users/anuthibhansali/.gemini/antigravity/scratch/tender-pocket/scripts/sync-emails.js:36:20)
--- TenderPocket Alert Engine Started ---
Using SMTP Config: Host=smtp.gmail.com, Port=465, Secure=true, User=anuthibhansali@gmail.com
Alert Recipient (Manager Email): anuthibhansali@gmail.com
Today's IST Date: 2026-07-01
Analyzed 206 active tenders.
- SLA Alerts (T+3): 23
- Due Alerts (T2-3 / T2) for Issued Tenders: 0
- Due Alerts (T2-3 / T2) for Ready to File Tenders: 0
Sending email alert via nodemailer...
[Network Retry] Email sending failed: getaddrinfo ENOTFOUND smtp.gmail.com. Retrying in 10s (attempt 1/3)...
[Network Retry] Email sending failed: getaddrinfo ENOTFOUND smtp.gmail.com. Retrying in 10s (attempt 2/3)...
Failed to send email alert after all retries: Error: getaddrinfo ENOTFOUND smtp.gmail.com
    at GetAddrInfoReqWrap.onlookupall [as oncomplete] (node:dns:122:26) {
  errno: -3008,
  code: 'EDNS',
  syscall: 'getaddrinfo',
  hostname: 'smtp.gmail.com',
  command: 'CONN'
}
=== Sync completed at Wed Jul  1 17:14:24 IST 2026 ===
=== Sync started at Thu Jul  2 09:01:45 IST 2026 ===
Checking internet connection...
Waiting for internet connection (attempt 1/30)...
Waiting for internet connection (attempt 2/30)...
Waiting for internet connection (attempt 3/30)...
Waiting for internet connection (attempt 4/30)...
Waiting for internet connection (attempt 5/30)...
Internet connected! Letting connection stabilize for 10s...
Connecting to IMAP mail server at imap.gmail.com:993... (Attempt 1/3)
Successfully locked INBOX. Searching for matching Tender247 emails...
Found 1 matching unread email message(s).
Fetching message UID: 74280...
Sending message UID: 74280 to scraping endpoint: http://localhost:3000/api/process-email...
Fetch request failed for message UID 74280: fetch failed
Logged out of IMAP mail server.
--- TenderPocket Alert Engine Started ---
Using SMTP Config: Host=smtp.gmail.com, Port=465, Secure=true, User=anuthibhansali@gmail.com
Alert Recipient (Manager Email): anuthibhansali@gmail.com
Today's IST Date: 2026-07-02
Analyzed 251 active tenders.
- SLA Alerts (T+3): 0
- Due Alerts (T2-3 / T2) for Issued Tenders: 0
- Due Alerts (T2-3 / T2) for Ready to File Tenders: 0
No tenders matching alert thresholds today. Exiting.
=== Sync completed at Thu Jul  2 09:12:21 IST 2026 ===
=== Sync started at Thu Jul  2 17:09:31 IST 2026 ===
Checking internet connection...
Waiting for internet connection (attempt 1/30)...
Waiting for internet connection (attempt 2/30)...
Waiting for internet connection (attempt 3/30)...
Waiting for internet connection (attempt 4/30)...
Waiting for internet connection (attempt 5/30)...
Internet connected! Letting connection stabilize for 10s...
Connecting to IMAP mail server at imap.gmail.com:993... (Attempt 1/3)
Successfully locked INBOX. Searching for matching Tender247 emails...
Found 1 matching unread email message(s).
Fetching message UID: 74280...
Sending message UID: 74280 to scraping endpoint: http://localhost:3000/api/process-email...
Fetch request failed for message UID 74280: fetch failed
Logged out of IMAP mail server.
--- TenderPocket Alert Engine Started ---
Using SMTP Config: Host=smtp.gmail.com, Port=465, Secure=true, User=anuthibhansali@gmail.com
Alert Recipient (Manager Email): anuthibhansali@gmail.com
Today's IST Date: 2026-07-02
Analyzed 257 active tenders.
- SLA Alerts (T+3): 0
- Due Alerts (T2-3 / T2) for Issued Tenders: 0
- Due Alerts (T2-3 / T2) for Ready to File Tenders: 0
No tenders matching alert thresholds today. Exiting.
=== Sync completed at Thu Jul  2 17:20:23 IST 2026 ===
=== Sync started at Fri Jul  3 09:10:10 IST 2026 ===
Checking internet connection...
Waiting for internet connection (attempt 1/30)...
Waiting for internet connection (attempt 2/30)...
Waiting for internet connection (attempt 3/30)...
Internet connected! Letting connection stabilize for 10s...
Connecting to IMAP mail server at imap.gmail.com:993... (Attempt 1/3)
Successfully locked INBOX. Searching for matching Tender247 emails...
Found 1 matching unread email message(s).
Fetching message UID: 74280...
Sending message UID: 74280 to scraping endpoint: http://localhost:3000/api/process-email...
Fetch request failed for message UID 74280: fetch failed
Logged out of IMAP mail server.
--- TenderPocket Alert Engine Started ---
Using SMTP Config: Host=smtp.gmail.com, Port=465, Secure=true, User=anuthibhansali@gmail.com
Alert Recipient (Manager Email): anuthibhansali@gmail.com
Today's IST Date: 2026-07-03
Analyzed 286 active tenders.
- SLA Alerts (T+3): 0
- Due Alerts (T2-3 / T2) for Issued Tenders: 3
- Due Alerts (T2-3 / T2) for Ready to File Tenders: 0
Sending email alert via nodemailer...
Alert email sent successfully. Message ID: <e422cfb7-bf4e-9fee-9d35-fb1c5dcc0863@gmail.com>
=== Sync completed at Fri Jul  3 09:10:35 IST 2026 ===
=== Sync started at Fri Jul  3 17:04:21 IST 2026 ===
Checking internet connection...
Waiting for internet connection (attempt 1/30)...
Waiting for internet connection (attempt 2/30)...
Waiting for internet connection (attempt 3/30)...
Waiting for internet connection (attempt 4/30)...
Waiting for internet connection (attempt 5/30)...
Waiting for internet connection (attempt 6/30)...
Waiting for internet connection (attempt 7/30)...
Waiting for internet connection (attempt 8/30)...
Waiting for internet connection (attempt 9/30)...
Waiting for internet connection (attempt 10/30)...
Waiting for internet connection (attempt 11/30)...
Waiting for internet connection (attempt 12/30)...
Waiting for internet connection (attempt 13/30)...
Waiting for internet connection (attempt 14/30)...
Waiting for internet connection (attempt 15/30)...
Waiting for internet connection (attempt 16/30)...
Waiting for internet connection (attempt 17/30)...
Waiting for internet connection (attempt 18/30)...
Waiting for internet connection (attempt 19/30)...
Internet connected! Letting connection stabilize for 10s...
Connecting to IMAP mail server at imap.gmail.com:993... (Attempt 1/3)
[Network Retry] IMAP connection failed: Failed to establish connection in required time. Retrying in 10s...
Connecting to IMAP mail server at imap.gmail.com:993... (Attempt 2/3)
[Network Retry] IMAP connection failed: Can not re-use ImapFlow instance. Retrying in 10s...
Connecting to IMAP mail server at imap.gmail.com:993... (Attempt 3/3)
An error occurred during IMAP connection setup: Error: Can not re-use ImapFlow instance
    at ImapFlow.connect (/Users/anuthibhansali/.gemini/antigravity/scratch/tender-pocket/node_modules/imapflow/lib/imap-flow.js:1610:19)
    at run (/Users/anuthibhansali/.gemini/antigravity/scratch/tender-pocket/scripts/sync-emails.js:36:20)
Error: Can not re-use ImapFlow instance
    at ImapFlow.connect (/Users/anuthibhansali/.gemini/antigravity/scratch/tender-pocket/node_modules/imapflow/lib/imap-flow.js:1610:19)
    at run (/Users/anuthibhansali/.gemini/antigravity/scratch/tender-pocket/scripts/sync-emails.js:36:20)
--- TenderPocket Alert Engine Started ---
Using SMTP Config: Host=smtp.gmail.com, Port=465, Secure=true, User=anuthibhansali@gmail.com
Alert Recipient (Manager Email): anuthibhansali@gmail.com
Today's IST Date: 2026-07-03
Analyzed 293 active tenders.
- SLA Alerts (T+3): 0
- Due Alerts (T2-3 / T2) for Issued Tenders: 3
- Due Alerts (T2-3 / T2) for Ready to File Tenders: 0
Sending email alert via nodemailer...
[Network Retry] Email sending failed: getaddrinfo ENOTFOUND smtp.gmail.com. Retrying in 10s (attempt 1/3)...
[Network Retry] Email sending failed: getaddrinfo ENOTFOUND smtp.gmail.com. Retrying in 10s (attempt 2/3)...
Failed to send email alert after all retries: Error: connect EHOSTUNREACH 2404:6800:4000:1025::6c:465 - Local (:::54999)
    at internalConnect (node:net:1169:16)
    at defaultTriggerAsyncIdScope (node:internal/async_hooks:472:18)
    at node:net:1415:9
    at process.processTicksAndRejections (node:internal/process/task_queues:85:11) {
  errno: -65,
  code: 'ESOCKET',
  syscall: 'connect',
  address: '2404:6800:4000:1025::6c',
  port: 465,
  command: 'CONN'
}
=== Sync completed at Fri Jul  3 18:05:47 IST 2026 ===
=== Sync started at Sat Jul  4 09:07:19 IST 2026 ===
Checking internet connection...
Internet connected! Letting connection stabilize for 10s...
Connecting to IMAP mail server at imap.gmail.com:993... (Attempt 1/3)
Successfully locked INBOX. Searching for matching Tender247 emails...
Found 1 matching unread email message(s).
Fetching message UID: 74280...
Sending message UID: 74280 to scraping endpoint: http://localhost:3000/api/process-email...
Fetch request failed for message UID 74280: fetch failed
Logged out of IMAP mail server.
--- TenderPocket Alert Engine Started ---
Using SMTP Config: Host=smtp.gmail.com, Port=465, Secure=true, User=anuthibhansali@gmail.com
Alert Recipient (Manager Email): anuthibhansali@gmail.com
Today's IST Date: 2026-07-04
Analyzed 326 active tenders.
- SLA Alerts (T+3): 45
- Due Alerts (T2-3 / T2) for Issued Tenders: 1
- Due Alerts (T2-3 / T2) for Ready to File Tenders: 0
Sending email alert via nodemailer...
Alert email sent successfully. Message ID: <cb04cd2c-8985-f0c4-1094-fb37ee7ea652@gmail.com>
=== Sync completed at Sat Jul  4 09:07:39 IST 2026 ===
=== Sync started at Sat Jul  4 17:10:45 IST 2026 ===
Checking internet connection...
Internet connected! Letting connection stabilize for 10s...
Connecting to IMAP mail server at imap.gmail.com:993... (Attempt 1/3)
Successfully locked INBOX. Searching for matching Tender247 emails...
Found 0 matching unread email message(s).
No new tender emails to process.
Logged out of IMAP mail server.
--- TenderPocket Alert Engine Started ---
Using SMTP Config: Host=smtp.gmail.com, Port=465, Secure=true, User=anuthibhansali@gmail.com
Alert Recipient (Manager Email): anuthibhansali@gmail.com
Today's IST Date: 2026-07-04
Analyzed 340 active tenders.
- SLA Alerts (T+3): 45
- Due Alerts (T2-3 / T2) for Issued Tenders: 1
- Due Alerts (T2-3 / T2) for Ready to File Tenders: 0
Sending email alert via nodemailer...
Alert email sent successfully. Message ID: <805df3dc-d872-134b-2295-a6d80c9bdd8f@gmail.com>
=== Sync completed at Sat Jul  4 17:11:06 IST 2026 ===
=== Sync started at Sun Jul  5 09:02:57 IST 2026 ===
Checking internet connection...
Internet connected! Letting connection stabilize for 10s...
Connecting to IMAP mail server at imap.gmail.com:993... (Attempt 1/3)
Successfully locked INBOX. Searching for matching Tender247 emails...
Found 0 matching unread email message(s).
No new tender emails to process.
Logged out of IMAP mail server.
--- TenderPocket Alert Engine Started ---
Using SMTP Config: Host=smtp.gmail.com, Port=465, Secure=true, User=anuthibhansali@gmail.com
Alert Recipient (Manager Email): anuthibhansali@gmail.com
Today's IST Date: 2026-07-05
Analyzed 377 active tenders.
- SLA Alerts (T+3): 35
- Due Alerts (T2-3 / T2) for Issued Tenders: 0
- Due Alerts (T2-3 / T2) for Ready to File Tenders: 0
Sending email alert via nodemailer...
Alert email sent successfully. Message ID: <657d24e2-170e-1ff0-a003-1e967ce33ed5@gmail.com>
=== Sync completed at Sun Jul  5 09:17:26 IST 2026 ===
=== Sync started at Sun Jul  5 17:00:05 IST 2026 ===
Checking internet connection...
Waiting for internet connection (attempt 1/30)...
Waiting for internet connection (attempt 2/30)...
Waiting for internet connection (attempt 3/30)...
Waiting for internet connection (attempt 4/30)...
Waiting for internet connection (attempt 5/30)...
Internet connected! Letting connection stabilize for 10s...
Connecting to IMAP mail server at imap.gmail.com:993... (Attempt 1/3)
Successfully locked INBOX. Searching for matching Tender247 emails...
Found 0 matching unread email message(s).
No new tender emails to process.
Logged out of IMAP mail server.
--- TenderPocket Alert Engine Started ---
Using SMTP Config: Host=smtp.gmail.com, Port=465, Secure=true, User=anuthibhansali@gmail.com
Alert Recipient (Manager Email): anuthibhansali@gmail.com
Today's IST Date: 2026-07-05
Analyzed 388 active tenders.
- SLA Alerts (T+3): 35
- Due Alerts (T2-3 / T2) for Issued Tenders: 0
- Due Alerts (T2-3 / T2) for Ready to File Tenders: 0
Sending email alert via nodemailer...
Alert email sent successfully. Message ID: <229d89d6-2d23-eabd-e88b-5b18fcd3d1d8@gmail.com>
=== Sync completed at Sun Jul  5 17:17:25 IST 2026 ===
=== Sync started at Mon Jul  6 09:06:16 IST 2026 ===
Checking internet connection...
Waiting for internet connection (attempt 1/30)...
Waiting for internet connection (attempt 2/30)...
Waiting for internet connection (attempt 3/30)...
Waiting for internet connection (attempt 4/30)...
Waiting for internet connection (attempt 5/30)...
Waiting for internet connection (attempt 6/30)...
Waiting for internet connection (attempt 7/30)...
Waiting for internet connection (attempt 8/30)...
Waiting for internet connection (attempt 9/30)...
Waiting for internet connection (attempt 10/30)...
Waiting for internet connection (attempt 11/30)...
Waiting for internet connection (attempt 12/30)...
Waiting for internet connection (attempt 13/30)...
Waiting for internet connection (attempt 14/30)...
Waiting for internet connection (attempt 15/30)...
Waiting for internet connection (attempt 16/30)...
Waiting for internet connection (attempt 17/30)...
Waiting for internet connection (attempt 18/30)...
Waiting for internet connection (attempt 19/30)...
Waiting for internet connection (attempt 20/30)...
Waiting for internet connection (attempt 21/30)...
Waiting for internet connection (attempt 22/30)...
Waiting for internet connection (attempt 23/30)...
Waiting for internet connection (attempt 24/30)...
Waiting for internet connection (attempt 25/30)...
Waiting for internet connection (attempt 26/30)...
Waiting for internet connection (attempt 27/30)...
Waiting for internet connection (attempt 28/30)...
Waiting for internet connection (attempt 29/30)...
Internet connected! Letting connection stabilize for 10s...
Connecting to IMAP mail server at imap.gmail.com:993... (Attempt 1/3)
[Network Retry] IMAP connection failed: getaddrinfo ENOTFOUND imap.gmail.com. Retrying in 10s...
Connecting to IMAP mail server at imap.gmail.com:993... (Attempt 2/3)
[Network Retry] IMAP connection failed: Can not re-use ImapFlow instance. Retrying in 10s...
Connecting to IMAP mail server at imap.gmail.com:993... (Attempt 3/3)
An error occurred during IMAP connection setup: Error: Can not re-use ImapFlow instance
    at ImapFlow.connect (/Users/anuthibhansali/.gemini/antigravity/scratch/tender-pocket/node_modules/imapflow/lib/imap-flow.js:1610:19)
    at run (/Users/anuthibhansali/.gemini/antigravity/scratch/tender-pocket/scripts/sync-emails.js:36:20)
Error: Can not re-use ImapFlow instance
    at ImapFlow.connect (/Users/anuthibhansali/.gemini/antigravity/scratch/tender-pocket/node_modules/imapflow/lib/imap-flow.js:1610:19)
    at run (/Users/anuthibhansali/.gemini/antigravity/scratch/tender-pocket/scripts/sync-emails.js:36:20)
--- TenderPocket Alert Engine Started ---
Using SMTP Config: Host=smtp.gmail.com, Port=465, Secure=true, User=anuthibhansali@gmail.com
Alert Recipient (Manager Email): anuthibhansali@gmail.com
Today's IST Date: 2026-07-06
Analyzed 388 active tenders.
- SLA Alerts (T+3): 40
- Due Alerts (T2-3 / T2) for Issued Tenders: 3
- Due Alerts (T2-3 / T2) for Ready to File Tenders: 0
Sending email alert via nodemailer...
[Network Retry] Email sending failed: getaddrinfo ENOTFOUND smtp.gmail.com. Retrying in 10s (attempt 1/3)...
[Network Retry] Email sending failed: connect EHOSTUNREACH 2404:6800:4000:1025::6c:465 - Local (:::62800). Retrying in 10s (attempt 2/3)...
Failed to send email alert after all retries: Error: connect EHOSTUNREACH 2404:6800:4000:1025::6c:465 - Local (:::62810)
    at internalConnect (node:net:1169:16)
    at defaultTriggerAsyncIdScope (node:internal/async_hooks:472:18)
    at node:net:1415:9
    at process.processTicksAndRejections (node:internal/process/task_queues:85:11) {
  errno: -65,
  code: 'ESOCKET',
  syscall: 'connect',
  address: '2404:6800:4000:1025::6c',
  port: 465,
  command: 'CONN'
}
=== Sync completed at Mon Jul  6 11:17:58 IST 2026 ===
=== Sync started at Mon Jul  6 17:11:38 IST 2026 ===
Checking internet connection...
Waiting for internet connection (attempt 1/30)...
Waiting for internet connection (attempt 2/30)...
Waiting for internet connection (attempt 3/30)...
Waiting for internet connection (attempt 4/30)...
Waiting for internet connection (attempt 5/30)...
Waiting for internet connection (attempt 6/30)...
Waiting for internet connection (attempt 7/30)...
Internet connected! Letting connection stabilize for 10s...
Connecting to IMAP mail server at imap.gmail.com:993... (Attempt 1/3)
[Network Retry] IMAP connection failed: getaddrinfo ENOTFOUND imap.gmail.com. Retrying in 10s...
Connecting to IMAP mail server at imap.gmail.com:993... (Attempt 2/3)
[Network Retry] IMAP connection failed: Can not re-use ImapFlow instance. Retrying in 10s...
Connecting to IMAP mail server at imap.gmail.com:993... (Attempt 3/3)
An error occurred during IMAP connection setup: Error: Can not re-use ImapFlow instance
    at ImapFlow.connect (/Users/anuthibhansali/.gemini/antigravity/scratch/tender-pocket/node_modules/imapflow/lib/imap-flow.js:1610:19)
    at run (/Users/anuthibhansali/.gemini/antigravity/scratch/tender-pocket/scripts/sync-emails.js:36:20)
Error: Can not re-use ImapFlow instance
    at ImapFlow.connect (/Users/anuthibhansali/.gemini/antigravity/scratch/tender-pocket/node_modules/imapflow/lib/imap-flow.js:1610:19)
    at run (/Users/anuthibhansali/.gemini/antigravity/scratch/tender-pocket/scripts/sync-emails.js:36:20)
--- TenderPocket Alert Engine Started ---
Using SMTP Config: Host=smtp.gmail.com, Port=465, Secure=true, User=anuthibhansali@gmail.com
Alert Recipient (Manager Email): anuthibhansali@gmail.com
Today's IST Date: 2026-07-06
Analyzed 389 active tenders.
- SLA Alerts (T+3): 40
- Due Alerts (T2-3 / T2) for Issued Tenders: 3
- Due Alerts (T2-3 / T2) for Ready to File Tenders: 0
Sending email alert via nodemailer...
[Network Retry] Email sending failed: getaddrinfo ENOTFOUND smtp.gmail.com. Retrying in 10s (attempt 1/3)...
[Network Retry] Email sending failed: getaddrinfo ENOTFOUND smtp.gmail.com. Retrying in 10s (attempt 2/3)...
Failed to send email alert after all retries: Error: getaddrinfo ENOTFOUND smtp.gmail.com
    at GetAddrInfoReqWrap.onlookupall [as oncomplete] (node:dns:122:26) {
  errno: -3008,
  code: 'EDNS',
  syscall: 'getaddrinfo',
  hostname: 'smtp.gmail.com',
  command: 'CONN'
}
=== Sync completed at Mon Jul  6 19:03:37 IST 2026 ===
=== Sync started at Tue Jul  7 09:11:26 IST 2026 ===
Checking internet connection...
Waiting for internet connection (attempt 1/30)...
Waiting for internet connection (attempt 2/30)...
Waiting for internet connection (attempt 3/30)...
Waiting for internet connection (attempt 4/30)...
Waiting for internet connection (attempt 5/30)...
Internet connected! Letting connection stabilize for 10s...
Connecting to IMAP mail server at imap.gmail.com:993... (Attempt 1/3)
Successfully locked INBOX. Searching for matching Tender247 emails...
Found 0 matching unread email message(s).
No new tender emails to process.
Logged out of IMAP mail server.
--- TenderPocket Alert Engine Started ---
Using SMTP Config: Host=smtp.gmail.com, Port=465, Secure=true, User=anuthibhansali@gmail.com
Alert Recipient (Manager Email): anuthibhansali@gmail.com
Today's IST Date: 2026-07-07
Analyzed 397 active tenders.
- SLA Alerts (T+3): 27
- Due Alerts (T2-3 / T2) for Issued Tenders: 5
- Due Alerts (T2-3 / T2) for Ready to File Tenders: 0
Sending email alert via nodemailer...
Alert email sent successfully. Message ID: <1731c49f-0cee-afd5-ced9-d487589dd239@gmail.com>
=== Sync completed at Tue Jul  7 09:15:40 IST 2026 ===
=== Sync started at Tue Jul  7 17:04:05 IST 2026 ===
Checking internet connection...
Waiting for internet connection (attempt 1/30)...
Waiting for internet connection (attempt 2/30)...
Waiting for internet connection (attempt 3/30)...
Waiting for internet connection (attempt 4/30)...
Waiting for internet connection (attempt 5/30)...
Internet connected! Letting connection stabilize for 10s...
Connecting to IMAP mail server at imap.gmail.com:993... (Attempt 1/3)
Successfully locked INBOX. Searching for matching Tender247 emails...
Found 0 matching unread email message(s).
No new tender emails to process.
Logged out of IMAP mail server.
--- TenderPocket Alert Engine Started ---
Using SMTP Config: Host=smtp.gmail.com, Port=465, Secure=true, User=anuthibhansali@gmail.com
Alert Recipient (Manager Email): anuthibhansali@gmail.com
Today's IST Date: 2026-07-07
Analyzed 438 active tenders.
- SLA Alerts (T+3): 27
- Due Alerts (T2-3 / T2) for Issued Tenders: 5
- Due Alerts (T2-3 / T2) for Ready to File Tenders: 0
Sending email alert via nodemailer...
Alert email sent successfully. Message ID: <4307875d-d5fc-448b-2cdf-243290c80756@gmail.com>
=== Sync completed at Tue Jul  7 17:10:30 IST 2026 ===
=== Sync started at Wed Jul  8 09:11:15 IST 2026 ===
Checking internet connection...
Waiting for internet connection (attempt 1/30)...
Waiting for internet connection (attempt 2/30)...
Waiting for internet connection (attempt 3/30)...
Waiting for internet connection (attempt 4/30)...
Waiting for internet connection (attempt 5/30)...
Waiting for internet connection (attempt 6/30)...
Waiting for internet connection (attempt 7/30)...
Waiting for internet connection (attempt 8/30)...
Waiting for internet connection (attempt 9/30)...
Waiting for internet connection (attempt 10/30)...
Internet connected! Letting connection stabilize for 10s...
Connecting to IMAP mail server at imap.gmail.com:993... (Attempt 1/3)
Successfully locked INBOX. Searching for matching Tender247 emails...
Found 0 matching unread email message(s).
No new tender emails to process.
Logged out of IMAP mail server.
--- TenderPocket Alert Engine Started ---
Using SMTP Config: Host=smtp.gmail.com, Port=465, Secure=true, User=anuthibhansali@gmail.com
Alert Recipient (Manager Email): anuthibhansali@gmail.com
Today's IST Date: 2026-07-08
Analyzed 450 active tenders.
- SLA Alerts (T+3): 35
- Due Alerts (T2-3 / T2) for Issued Tenders: 3
- Due Alerts (T2-3 / T2) for Ready to File Tenders: 0
Sending email alert via nodemailer...
Alert email sent successfully. Message ID: <66a841fe-45e7-6471-31dd-ac4a555b0d91@gmail.com>
=== Sync completed at Wed Jul  8 09:49:57 IST 2026 ===
=== Sync started at Wed Jul  8 17:00:02 IST 2026 ===
Checking internet connection...
Internet connected! Letting connection stabilize for 10s...
Connecting to IMAP mail server at imap.gmail.com:993... (Attempt 1/3)
Successfully locked INBOX. Searching for matching Tender247 emails...
Found 0 matching unread email message(s).
No new tender emails to process.
Logged out of IMAP mail server.
--- TenderPocket Alert Engine Started ---
Using SMTP Config: Host=smtp.gmail.com, Port=465, Secure=true, User=anuthibhansali@gmail.com
Alert Recipient (Manager Email): anuthibhansali@gmail.com
Today's IST Date: 2026-07-08
Analyzed 477 active tenders.
- SLA Alerts (T+3): 35
- Due Alerts (T2-3 / T2) for Issued Tenders: 3
- Due Alerts (T2-3 / T2) for Ready to File Tenders: 0
Sending email alert via nodemailer...
Alert email sent successfully. Message ID: <745059a9-2c61-1167-8e18-4d46c61892c7@gmail.com>
=== Sync completed at Wed Jul  8 17:00:21 IST 2026 ===
=== Sync started at Thu Jul  9 09:07:08 IST 2026 ===
Checking internet connection...
Waiting for internet connection (attempt 1/30)...
Waiting for internet connection (attempt 2/30)...
Waiting for internet connection (attempt 3/30)...
Waiting for internet connection (attempt 4/30)...
Waiting for internet connection (attempt 5/30)...
Internet connected! Letting connection stabilize for 10s...
Connecting to IMAP mail server at imap.gmail.com:993... (Attempt 1/3)
Successfully locked INBOX. Searching for matching Tender247 emails...
Found 0 matching unread email message(s).
No new tender emails to process.
Logged out of IMAP mail server.
--- TenderPocket Alert Engine Started ---
Using SMTP Config: Host=smtp.gmail.com, Port=465, Secure=true, User=anuthibhansali@gmail.com
Alert Recipient (Manager Email): anuthibhansali@gmail.com
Today's IST Date: 2026-07-09
Analyzed 487 active tenders.
- SLA Alerts (T+3): 9
- Due Alerts (T2-3 / T2) for Issued Tenders: 0
- Due Alerts (T2-3 / T2) for Ready to File Tenders: 0
Sending email alert via nodemailer...
Alert email sent successfully. Message ID: <ef687b6b-3ed3-856b-26f1-6aff8e649244@gmail.com>
=== Sync completed at Thu Jul  9 09:18:43 IST 2026 ===
=== Sync started at Thu Jul  9 17:00:17 IST 2026 ===
Checking internet connection...
Internet connected! Letting connection stabilize for 10s...
Connecting to IMAP mail server at imap.gmail.com:993... (Attempt 1/3)
[Network Retry] IMAP connection failed: getaddrinfo ENOTFOUND imap.gmail.com. Retrying in 10s...
Connecting to IMAP mail server at imap.gmail.com:993... (Attempt 2/3)
[Network Retry] IMAP connection failed: Can not re-use ImapFlow instance. Retrying in 10s...
Connecting to IMAP mail server at imap.gmail.com:993... (Attempt 3/3)
An error occurred during IMAP connection setup: Error: Can not re-use ImapFlow instance
    at ImapFlow.connect (/Users/anuthibhansali/.gemini/antigravity/scratch/tender-pocket/node_modules/imapflow/lib/imap-flow.js:1610:19)
    at run (/Users/anuthibhansali/.gemini/antigravity/scratch/tender-pocket/scripts/sync-emails.js:36:20)
Error: Can not re-use ImapFlow instance
    at ImapFlow.connect (/Users/anuthibhansali/.gemini/antigravity/scratch/tender-pocket/node_modules/imapflow/lib/imap-flow.js:1610:19)
    at run (/Users/anuthibhansali/.gemini/antigravity/scratch/tender-pocket/scripts/sync-emails.js:36:20)
--- TenderPocket Alert Engine Started ---
Using SMTP Config: Host=smtp.gmail.com, Port=465, Secure=true, User=anuthibhansali@gmail.com
Alert Recipient (Manager Email): anuthibhansali@gmail.com
Today's IST Date: 2026-07-09
Analyzed 487 active tenders.
- SLA Alerts (T+3): 9
- Due Alerts (T2-3 / T2) for Issued Tenders: 0
- Due Alerts (T2-3 / T2) for Ready to File Tenders: 0
Sending email alert via nodemailer...
[Network Retry] Email sending failed: getaddrinfo ENOTFOUND smtp.gmail.com. Retrying in 10s (attempt 1/3)...
[Network Retry] Email sending failed: getaddrinfo ENOTFOUND smtp.gmail.com. Retrying in 10s (attempt 2/3)...
Failed to send email alert after all retries: Error: getaddrinfo ENOTFOUND smtp.gmail.com
    at GetAddrInfoReqWrap.onlookupall [as oncomplete] (node:dns:122:26) {
  errno: -3008,
  code: 'EDNS',
  syscall: 'getaddrinfo',
  hostname: 'smtp.gmail.com',
  command: 'CONN'
}
=== Sync completed at Thu Jul  9 17:26:56 IST 2026 ===
=== Sync started at Fri Jul 10 09:10:33 IST 2026 ===
Checking internet connection...
Waiting for internet connection (attempt 1/30)...
Waiting for internet connection (attempt 2/30)...
Waiting for internet connection (attempt 3/30)...
Waiting for internet connection (attempt 4/30)...
Waiting for internet connection (attempt 5/30)...
Waiting for internet connection (attempt 6/30)...
Waiting for internet connection (attempt 7/30)...
Waiting for internet connection (attempt 8/30)...
Waiting for internet connection (attempt 9/30)...
Waiting for internet connection (attempt 10/30)...
Waiting for internet connection (attempt 11/30)...
Waiting for internet connection (attempt 12/30)...
Waiting for internet connection (attempt 13/30)...
Waiting for internet connection (attempt 14/30)...
Waiting for internet connection (attempt 15/30)...
Waiting for internet connection (attempt 16/30)...
Waiting for internet connection (attempt 17/30)...
Waiting for internet connection (attempt 18/30)...
Waiting for internet connection (attempt 19/30)...
Waiting for internet connection (attempt 20/30)...
Waiting for internet connection (attempt 21/30)...
Waiting for internet connection (attempt 22/30)...
Waiting for internet connection (attempt 23/30)...
Waiting for internet connection (attempt 24/30)...
Waiting for internet connection (attempt 25/30)...
Waiting for internet connection (attempt 26/30)...
Waiting for internet connection (attempt 27/30)...
Waiting for internet connection (attempt 28/30)...
Waiting for internet connection (attempt 29/30)...
Waiting for internet connection (attempt 30/30)...
Connecting to IMAP mail server at imap.gmail.com:993... (Attempt 1/3)
[Network Retry] IMAP connection failed: getaddrinfo ENOTFOUND imap.gmail.com. Retrying in 10s...
Connecting to IMAP mail server at imap.gmail.com:993... (Attempt 2/3)
[Network Retry] IMAP connection failed: Can not re-use ImapFlow instance. Retrying in 10s...
Connecting to IMAP mail server at imap.gmail.com:993... (Attempt 3/3)
An error occurred during IMAP connection setup: Error: Can not re-use ImapFlow instance
    at ImapFlow.connect (/Users/anuthibhansali/.gemini/antigravity/scratch/tender-pocket/node_modules/imapflow/lib/imap-flow.js:1610:19)
    at run (/Users/anuthibhansali/.gemini/antigravity/scratch/tender-pocket/scripts/sync-emails.js:36:20)
Error: Can not re-use ImapFlow instance
    at ImapFlow.connect (/Users/anuthibhansali/.gemini/antigravity/scratch/tender-pocket/node_modules/imapflow/lib/imap-flow.js:1610:19)
    at run (/Users/anuthibhansali/.gemini/antigravity/scratch/tender-pocket/scripts/sync-emails.js:36:20)
--- TenderPocket Alert Engine Started ---
Using SMTP Config: Host=smtp.gmail.com, Port=465, Secure=true, User=anuthibhansali@gmail.com
Alert Recipient (Manager Email): anuthibhansali@gmail.com
Today's IST Date: 2026-07-10
Analyzed 490 active tenders.
- SLA Alerts (T+3): 53
- Due Alerts (T2-3 / T2) for Issued Tenders: 12
- Due Alerts (T2-3 / T2) for Ready to File Tenders: 0
Sending email alert via nodemailer...
[Network Retry] Email sending failed: getaddrinfo ENOTFOUND smtp.gmail.com. Retrying in 10s (attempt 1/3)...
[Network Retry] Email sending failed: getaddrinfo ENOTFOUND smtp.gmail.com. Retrying in 10s (attempt 2/3)...
Failed to send email alert after all retries: Error: getaddrinfo ENOTFOUND smtp.gmail.com
    at GetAddrInfoReqWrap.onlookupall [as oncomplete] (node:dns:122:26) {
  errno: -3008,
  code: 'EDNS',
  syscall: 'getaddrinfo',
  hostname: 'smtp.gmail.com',
  command: 'CONN'
}
=== Sync completed at Fri Jul 10 11:54:19 IST 2026 ===
=== Sync started at Fri Jul 10 17:17:03 IST 2026 ===
Checking internet connection...
Waiting for internet connection (attempt 1/30)...
Waiting for internet connection (attempt 2/30)...
Waiting for internet connection (attempt 3/30)...
Waiting for internet connection (attempt 4/30)...
Waiting for internet connection (attempt 5/30)...
Waiting for internet connection (attempt 6/30)...
Waiting for internet connection (attempt 7/30)...
Waiting for internet connection (attempt 8/30)...
Waiting for internet connection (attempt 9/30)...
Waiting for internet connection (attempt 10/30)...
Waiting for internet connection (attempt 11/30)...
Waiting for internet connection (attempt 12/30)...
Waiting for internet connection (attempt 13/30)...
Waiting for internet connection (attempt 14/30)...
Waiting for internet connection (attempt 15/30)...
Waiting for internet connection (attempt 16/30)...
Waiting for internet connection (attempt 17/30)...
Waiting for internet connection (attempt 18/30)...
Waiting for internet connection (attempt 19/30)...
Waiting for internet connection (attempt 20/30)...
Waiting for internet connection (attempt 21/30)...
Waiting for internet connection (attempt 22/30)...
Waiting for internet connection (attempt 23/30)...
Waiting for internet connection (attempt 24/30)...
Waiting for internet connection (attempt 25/30)...
Waiting for internet connection (attempt 26/30)...
Waiting for internet connection (attempt 27/30)...
Waiting for internet connection (attempt 28/30)...
Waiting for internet connection (attempt 29/30)...
Waiting for internet connection (attempt 30/30)...
Connecting to IMAP mail server at imap.gmail.com:993... (Attempt 1/3)
[Network Retry] IMAP connection failed: getaddrinfo ENOTFOUND imap.gmail.com. Retrying in 10s...
Connecting to IMAP mail server at imap.gmail.com:993... (Attempt 2/3)
[Network Retry] IMAP connection failed: Can not re-use ImapFlow instance. Retrying in 10s...
Connecting to IMAP mail server at imap.gmail.com:993... (Attempt 3/3)
An error occurred during IMAP connection setup: Error: Can not re-use ImapFlow instance
    at ImapFlow.connect (/Users/anuthibhansali/.gemini/antigravity/scratch/tender-pocket/node_modules/imapflow/lib/imap-flow.js:1610:19)
    at run (/Users/anuthibhansali/.gemini/antigravity/scratch/tender-pocket/scripts/sync-emails.js:36:20)
Error: Can not re-use ImapFlow instance
    at ImapFlow.connect (/Users/anuthibhansali/.gemini/antigravity/scratch/tender-pocket/node_modules/imapflow/lib/imap-flow.js:1610:19)
    at run (/Users/anuthibhansali/.gemini/antigravity/scratch/tender-pocket/scripts/sync-emails.js:36:20)
--- TenderPocket Alert Engine Started ---
Using SMTP Config: Host=smtp.gmail.com, Port=465, Secure=true, User=anuthibhansali@gmail.com
Alert Recipient (Manager Email): anuthibhansali@gmail.com
Today's IST Date: 2026-07-10
Analyzed 490 active tenders.
- SLA Alerts (T+3): 53
- Due Alerts (T2-3 / T2) for Issued Tenders: 12
- Due Alerts (T2-3 / T2) for Ready to File Tenders: 0
Sending email alert via nodemailer...
[Network Retry] Email sending failed: getaddrinfo ENOTFOUND smtp.gmail.com. Retrying in 10s (attempt 1/3)...
[Network Retry] Email sending failed: getaddrinfo ENOTFOUND smtp.gmail.com. Retrying in 10s (attempt 2/3)...
Failed to send email alert after all retries: Error: getaddrinfo ENOTFOUND smtp.gmail.com
    at GetAddrInfoReqWrap.onlookupall [as oncomplete] (node:dns:122:26) {
  errno: -3008,
  code: 'EDNS',
  syscall: 'getaddrinfo',
  hostname: 'smtp.gmail.com',
  command: 'CONN'
}
=== Sync completed at Fri Jul 10 19:01:40 IST 2026 ===
=== Sync started at Sat Jul 11 09:02:30 IST 2026 ===
Checking internet connection...
Waiting for internet connection (attempt 1/30)...
Waiting for internet connection (attempt 2/30)...
Waiting for internet connection (attempt 3/30)...
Waiting for internet connection (attempt 4/30)...
Waiting for internet connection (attempt 5/30)...
Waiting for internet connection (attempt 6/30)...
Waiting for internet connection (attempt 7/30)...
Waiting for internet connection (attempt 8/30)...
Waiting for internet connection (attempt 9/30)...
Waiting for internet connection (attempt 10/30)...
Waiting for internet connection (attempt 11/30)...
Waiting for internet connection (attempt 12/30)...
Waiting for internet connection (attempt 13/30)...
Waiting for internet connection (attempt 14/30)...
Waiting for internet connection (attempt 15/30)...
Waiting for internet connection (attempt 16/30)...
Waiting for internet connection (attempt 17/30)...
Waiting for internet connection (attempt 18/30)...
Waiting for internet connection (attempt 19/30)...
Waiting for internet connection (attempt 20/30)...
Waiting for internet connection (attempt 21/30)...
Waiting for internet connection (attempt 22/30)...
Waiting for internet connection (attempt 23/30)...
Waiting for internet connection (attempt 24/30)...
Waiting for internet connection (attempt 25/30)...
Waiting for internet connection (attempt 26/30)...
Waiting for internet connection (attempt 27/30)...
Waiting for internet connection (attempt 28/30)...
Waiting for internet connection (attempt 29/30)...
Waiting for internet connection (attempt 30/30)...
Connecting to IMAP mail server at imap.gmail.com:993... (Attempt 1/3)
[Network Retry] IMAP connection failed: getaddrinfo ENOTFOUND imap.gmail.com. Retrying in 10s...
Connecting to IMAP mail server at imap.gmail.com:993... (Attempt 2/3)
[Network Retry] IMAP connection failed: Can not re-use ImapFlow instance. Retrying in 10s...
Connecting to IMAP mail server at imap.gmail.com:993... (Attempt 3/3)
An error occurred during IMAP connection setup: Error: Can not re-use ImapFlow instance
    at ImapFlow.connect (/Users/anuthibhansali/.gemini/antigravity/scratch/tender-pocket/node_modules/imapflow/lib/imap-flow.js:1610:19)
    at run (/Users/anuthibhansali/.gemini/antigravity/scratch/tender-pocket/scripts/sync-emails.js:36:20)
Error: Can not re-use ImapFlow instance
    at ImapFlow.connect (/Users/anuthibhansali/.gemini/antigravity/scratch/tender-pocket/node_modules/imapflow/lib/imap-flow.js:1610:19)
    at run (/Users/anuthibhansali/.gemini/antigravity/scratch/tender-pocket/scripts/sync-emails.js:36:20)
--- TenderPocket Alert Engine Started ---
Using SMTP Config: Host=smtp.gmail.com, Port=465, Secure=true, User=anuthibhansali@gmail.com
Alert Recipient (Manager Email): anuthibhansali@gmail.com
Today's IST Date: 2026-07-11
Analyzed 490 active tenders.
- SLA Alerts (T+3): 37
- Due Alerts (T2-3 / T2) for Issued Tenders: 8
- Due Alerts (T2-3 / T2) for Ready to File Tenders: 0
Sending email alert via nodemailer...
[Network Retry] Email sending failed: getaddrinfo ENOTFOUND smtp.gmail.com. Retrying in 10s (attempt 1/3)...
[Network Retry] Email sending failed: getaddrinfo ENOTFOUND smtp.gmail.com. Retrying in 10s (attempt 2/3)...
Failed to send email alert after all retries: Error: getaddrinfo ENOTFOUND smtp.gmail.com
    at GetAddrInfoReqWrap.onlookupall [as oncomplete] (node:dns:122:26) {
  errno: -3008,
  code: 'EDNS',
  syscall: 'getaddrinfo',
  hostname: 'smtp.gmail.com',
  command: 'CONN'
}
=== Sync completed at Sat Jul 11 09:39:17 IST 2026 ===
=== Sync started at Sat Jul 11 17:09:05 IST 2026 ===
Checking internet connection...
Waiting for internet connection (attempt 1/30)...
Waiting for internet connection (attempt 2/30)...
Waiting for internet connection (attempt 3/30)...
Waiting for internet connection (attempt 4/30)...
Waiting for internet connection (attempt 5/30)...
Waiting for internet connection (attempt 6/30)...
Waiting for internet connection (attempt 7/30)...
Waiting for internet connection (attempt 8/30)...
Waiting for internet connection (attempt 9/30)...
Waiting for internet connection (attempt 10/30)...
Waiting for internet connection (attempt 11/30)...
Waiting for internet connection (attempt 12/30)...
Waiting for internet connection (attempt 13/30)...
Waiting for internet connection (attempt 14/30)...
Waiting for internet connection (attempt 15/30)...
Waiting for internet connection (attempt 16/30)...
Waiting for internet connection (attempt 17/30)...
Waiting for internet connection (attempt 18/30)...
Waiting for internet connection (attempt 19/30)...
Waiting for internet connection (attempt 20/30)...
Waiting for internet connection (attempt 21/30)...
Waiting for internet connection (attempt 22/30)...
Waiting for internet connection (attempt 23/30)...
Waiting for internet connection (attempt 24/30)...
Waiting for internet connection (attempt 25/30)...
Waiting for internet connection (attempt 26/30)...
Waiting for internet connection (attempt 27/30)...
Waiting for internet connection (attempt 28/30)...
Waiting for internet connection (attempt 29/30)...
Waiting for internet connection (attempt 30/30)...
Connecting to IMAP mail server at imap.gmail.com:993... (Attempt 1/3)
[Network Retry] IMAP connection failed: getaddrinfo ENOTFOUND imap.gmail.com. Retrying in 10s...
Connecting to IMAP mail server at imap.gmail.com:993... (Attempt 2/3)
[Network Retry] IMAP connection failed: Can not re-use ImapFlow instance. Retrying in 10s...
Connecting to IMAP mail server at imap.gmail.com:993... (Attempt 3/3)
An error occurred during IMAP connection setup: Error: Can not re-use ImapFlow instance
    at ImapFlow.connect (/Users/anuthibhansali/.gemini/antigravity/scratch/tender-pocket/node_modules/imapflow/lib/imap-flow.js:1610:19)
    at run (/Users/anuthibhansali/.gemini/antigravity/scratch/tender-pocket/scripts/sync-emails.js:36:20)
Error: Can not re-use ImapFlow instance
    at ImapFlow.connect (/Users/anuthibhansali/.gemini/antigravity/scratch/tender-pocket/node_modules/imapflow/lib/imap-flow.js:1610:19)
    at run (/Users/anuthibhansali/.gemini/antigravity/scratch/tender-pocket/scripts/sync-emails.js:36:20)
--- TenderPocket Alert Engine Started ---
Using SMTP Config: Host=smtp.gmail.com, Port=465, Secure=true, User=anuthibhansali@gmail.com
Alert Recipient (Manager Email): anuthibhansali@gmail.com
Today's IST Date: 2026-07-11
Analyzed 507 active tenders.
- SLA Alerts (T+3): 37
- Due Alerts (T2-3 / T2) for Issued Tenders: 8
- Due Alerts (T2-3 / T2) for Ready to File Tenders: 0
Sending email alert via nodemailer...
[Network Retry] Email sending failed: getaddrinfo ENOTFOUND smtp.gmail.com. Retrying in 10s (attempt 1/3)...
[Network Retry] Email sending failed: getaddrinfo ENOTFOUND smtp.gmail.com. Retrying in 10s (attempt 2/3)...
Failed to send email alert after all retries: Error: getaddrinfo ENOTFOUND smtp.gmail.com
    at GetAddrInfoReqWrap.onlookupall [as oncomplete] (node:dns:122:26) {
  errno: -3008,
  code: 'EDNS',
  syscall: 'getaddrinfo',
  hostname: 'smtp.gmail.com',
  command: 'CONN'
}
=== Sync completed at Sat Jul 11 18:28:59 IST 2026 ===
=== Sync started at Sun Jul 12 09:07:46 IST 2026 ===
Checking internet connection...
Waiting for internet connection (attempt 1/30)...
Waiting for internet connection (attempt 2/30)...
Waiting for internet connection (attempt 3/30)...
Waiting for internet connection (attempt 4/30)...
Waiting for internet connection (attempt 5/30)...
Waiting for internet connection (attempt 6/30)...
Waiting for internet connection (attempt 7/30)...
Waiting for internet connection (attempt 8/30)...
Waiting for internet connection (attempt 9/30)...
Waiting for internet connection (attempt 10/30)...
Waiting for internet connection (attempt 11/30)...
Waiting for internet connection (attempt 12/30)...
Waiting for internet connection (attempt 13/30)...
Waiting for internet connection (attempt 14/30)...
Waiting for internet connection (attempt 15/30)...
Waiting for internet connection (attempt 16/30)...
Waiting for internet connection (attempt 17/30)...
Waiting for internet connection (attempt 18/30)...
Internet connected! Letting connection stabilize for 10s...
Connecting to IMAP mail server at imap.gmail.com:993... (Attempt 1/3)
Successfully locked INBOX. Searching for matching Tender247 emails...
Found 0 matching unread email message(s).
No new tender emails to process.
Logged out of IMAP mail server.
--- TenderPocket Alert Engine Started ---
Using SMTP Config: Host=smtp.gmail.com, Port=465, Secure=true, User=anuthibhansali@gmail.com
Alert Recipient (Manager Email): anuthibhansali@gmail.com
Today's IST Date: 2026-07-12
Analyzed 507 active tenders.
- SLA Alerts (T+3): 3
- Due Alerts (T2-3 / T2) for Issued Tenders: 0
- Due Alerts (T2-3 / T2) for Ready to File Tenders: 0
Sending email alert via nodemailer...
Alert email sent successfully. Message ID: <82c76ed2-278b-f680-6e89-6968da5c507d@gmail.com>
=== Sync completed at Sun Jul 12 09:34:28 IST 2026 ===
=== Sync started at Sun Jul 12 17:00:00 IST 2026 ===
Checking internet connection...
Waiting for internet connection (attempt 1/30)...
Waiting for internet connection (attempt 2/30)...
Waiting for internet connection (attempt 3/30)...
Waiting for internet connection (attempt 4/30)...
Waiting for internet connection (attempt 5/30)...
Waiting for internet connection (attempt 6/30)...
Waiting for internet connection (attempt 7/30)...
Waiting for internet connection (attempt 8/30)...
Waiting for internet connection (attempt 9/30)...
Waiting for internet connection (attempt 10/30)...
Waiting for internet connection (attempt 11/30)...
Waiting for internet connection (attempt 12/30)...
Waiting for internet connection (attempt 13/30)...
Waiting for internet connection (attempt 14/30)...
Waiting for internet connection (attempt 15/30)...
Waiting for internet connection (attempt 16/30)...
Waiting for internet connection (attempt 17/30)...
Waiting for internet connection (attempt 18/30)...
Waiting for internet connection (attempt 19/30)...
Waiting for internet connection (attempt 20/30)...
Waiting for internet connection (attempt 21/30)...
Waiting for internet connection (attempt 22/30)...
Waiting for internet connection (attempt 23/30)...
Waiting for internet connection (attempt 24/30)...
Waiting for internet connection (attempt 25/30)...
Waiting for internet connection (attempt 26/30)...
Waiting for internet connection (attempt 27/30)...
Waiting for internet connection (attempt 28/30)...
Waiting for internet connection (attempt 29/30)...
Waiting for internet connection (attempt 30/30)...
Connecting to IMAP mail server at imap.gmail.com:993... (Attempt 1/3)
[Network Retry] IMAP connection failed: getaddrinfo ENOTFOUND imap.gmail.com. Retrying in 10s...
Connecting to IMAP mail server at imap.gmail.com:993... (Attempt 2/3)
[Network Retry] IMAP connection failed: Can not re-use ImapFlow instance. Retrying in 10s...
Connecting to IMAP mail server at imap.gmail.com:993... (Attempt 3/3)
An error occurred during IMAP connection setup: Error: Can not re-use ImapFlow instance
    at ImapFlow.connect (/Users/anuthibhansali/.gemini/antigravity/scratch/tender-pocket/node_modules/imapflow/lib/imap-flow.js:1610:19)
    at run (/Users/anuthibhansali/.gemini/antigravity/scratch/tender-pocket/scripts/sync-emails.js:36:20)
Error: Can not re-use ImapFlow instance
    at ImapFlow.connect (/Users/anuthibhansali/.gemini/antigravity/scratch/tender-pocket/node_modules/imapflow/lib/imap-flow.js:1610:19)
    at run (/Users/anuthibhansali/.gemini/antigravity/scratch/tender-pocket/scripts/sync-emails.js:36:20)
--- TenderPocket Alert Engine Started ---
Using SMTP Config: Host=smtp.gmail.com, Port=465, Secure=true, User=anuthibhansali@gmail.com
Alert Recipient (Manager Email): anuthibhansali@gmail.com
Today's IST Date: 2026-07-12
Analyzed 510 active tenders.
- SLA Alerts (T+3): 3
- Due Alerts (T2-3 / T2) for Issued Tenders: 0
- Due Alerts (T2-3 / T2) for Ready to File Tenders: 0
Sending email alert via nodemailer...
[Network Retry] Email sending failed: getaddrinfo ENOTFOUND smtp.gmail.com. Retrying in 10s (attempt 1/3)...
[Network Retry] Email sending failed: getaddrinfo ENOTFOUND smtp.gmail.com. Retrying in 10s (attempt 2/3)...
Failed to send email alert after all retries: Error: getaddrinfo ENOTFOUND smtp.gmail.com
    at GetAddrInfoReqWrap.onlookupall [as oncomplete] (node:dns:122:26) {
  errno: -3008,
  code: 'EDNS',
  syscall: 'getaddrinfo',
  hostname: 'smtp.gmail.com',
  command: 'CONN'
}
=== Sync completed at Sun Jul 12 18:45:23 IST 2026 ===
=== Sync started at Mon Jul 13 09:09:18 IST 2026 ===
Checking internet connection...
Internet connected! Letting connection stabilize for 10s...
Connecting to IMAP mail server at imap.gmail.com:993... (Attempt 1/3)
Successfully locked INBOX. Searching for matching Tender247 emails...
Found 0 matching unread email message(s).
No new tender emails to process.
Logged out of IMAP mail server.
--- TenderPocket Alert Engine Started ---
Using SMTP Config: Host=smtp.gmail.com, Port=465, Secure=true, User=anuthibhansali@gmail.com
Alert Recipient (Manager Email): anuthibhansali@gmail.com
Today's IST Date: 2026-07-13
Analyzed 510 active tenders.
- SLA Alerts (T+3): 0
- Due Alerts (T2-3 / T2) for Issued Tenders: 16
- Due Alerts (T2-3 / T2) for Ready to File Tenders: 0
Sending email alert via nodemailer...
Alert email sent successfully. Message ID: <840b2561-95c4-ceb0-2333-bb857caa2647@gmail.com>
=== Sync completed at Mon Jul 13 09:36:59 IST 2026 ===
=== Sync started at Mon Jul 13 17:15:25 IST 2026 ===
Checking internet connection...
Internet connected! Letting connection stabilize for 10s...
Connecting to IMAP mail server at imap.gmail.com:993... (Attempt 1/3)
Successfully locked INBOX. Searching for matching Tender247 emails...
Found 0 matching unread email message(s).
No new tender emails to process.
Logged out of IMAP mail server.
--- TenderPocket Alert Engine Started ---
Using SMTP Config: Host=smtp.gmail.com, Port=465, Secure=true, User=anuthibhansali@gmail.com
Alert Recipient (Manager Email): anuthibhansali@gmail.com
Today's IST Date: 2026-07-13
Analyzed 514 active tenders.
- SLA Alerts (T+3): 0
- Due Alerts (T2-3 / T2) for Issued Tenders: 16
- Due Alerts (T2-3 / T2) for Ready to File Tenders: 0
Sending email alert via nodemailer...
Alert email sent successfully. Message ID: <66a1a8ff-f58f-28c0-1b3b-4fdb721b8f4d@gmail.com>
=== Sync completed at Mon Jul 13 17:42:35 IST 2026 ===
=== Sync started at Tue Jul 14 09:07:45 IST 2026 ===
Checking internet connection...
Internet connected! Letting connection stabilize for 10s...
Connecting to IMAP mail server at imap.gmail.com:993... (Attempt 1/3)
Successfully locked INBOX. Searching for matching Tender247 emails...
Found 0 matching unread email message(s).
No new tender emails to process.
Logged out of IMAP mail server.
--- TenderPocket Alert Engine Started ---
Using SMTP Config: Host=smtp.gmail.com, Port=465, Secure=true, User=anuthibhansali@gmail.com
Alert Recipient (Manager Email): anuthibhansali@gmail.com
Today's IST Date: 2026-07-14
Analyzed 517 active tenders.
- SLA Alerts (T+3): 17
- Due Alerts (T2-3 / T2) for Issued Tenders: 13
- Due Alerts (T2-3 / T2) for Ready to File Tenders: 0
Sending email alert via nodemailer...
Alert email sent successfully. Message ID: <191a6a21-202a-dece-1c79-10b12a963970@gmail.com>
=== Sync completed at Tue Jul 14 09:08:04 IST 2026 ===
=== Sync started at Tue Jul 14 17:04:51 IST 2026 ===
Checking internet connection...
Waiting for internet connection (attempt 1/30)...
Waiting for internet connection (attempt 2/30)...
Waiting for internet connection (attempt 3/30)...
Waiting for internet connection (attempt 4/30)...
Waiting for internet connection (attempt 5/30)...
Internet connected! Letting connection stabilize for 10s...
Connecting to IMAP mail server at imap.gmail.com:993... (Attempt 1/3)
Successfully locked INBOX. Searching for matching Tender247 emails...
Found 0 matching unread email message(s).
No new tender emails to process.
Logged out of IMAP mail server.
--- TenderPocket Alert Engine Started ---
Using SMTP Config: Host=smtp.gmail.com, Port=465, Secure=true, User=anuthibhansali@gmail.com
Alert Recipient (Manager Email): anuthibhansali@gmail.com
Today's IST Date: 2026-07-14
Analyzed 566 active tenders.
- SLA Alerts (T+3): 17
- Due Alerts (T2-3 / T2) for Issued Tenders: 13
- Due Alerts (T2-3 / T2) for Ready to File Tenders: 0
Sending email alert via nodemailer...
[Network Retry] Email sending failed: Timeout. Retrying in 10s (attempt 1/3)...
[Network Retry] Email sending failed: connect EHOSTUNREACH 2404:6800:4000:1025::6d:465 - Local (:::54153). Retrying in 10s (attempt 2/3)...
Failed to send email alert after all retries: Error: connect EHOSTUNREACH 2404:6800:4000:1025::6d:465 - Local (:::54155)
    at internalConnect (node:net:1169:16)
    at defaultTriggerAsyncIdScope (node:internal/async_hooks:472:18)
    at node:net:1415:9
    at process.processTicksAndRejections (node:internal/process/task_queues:85:11) {
  errno: -65,
  code: 'ESOCKET',
  syscall: 'connect',
  address: '2404:6800:4000:1025::6d',
  port: 465,
  command: 'CONN'
}
=== Sync completed at Tue Jul 14 18:31:13 IST 2026 ===
=== Sync started at Wed Jul 15 09:02:59 IST 2026 ===
Checking internet connection...
Internet connected! Letting connection stabilize for 10s...
Connecting to IMAP mail server at imap.gmail.com:993... (Attempt 1/3)
Successfully locked INBOX. Searching for matching Tender247 emails...
Found 0 matching unread email message(s).
No new tender emails to process.
Logged out of IMAP mail server.
--- TenderPocket Alert Engine Started ---
Using SMTP Config: Host=smtp.gmail.com, Port=465, Secure=true, User=anuthibhansali@gmail.com
Alert Recipient (Manager Email): anuthibhansali@gmail.com
Today's IST Date: 2026-07-15
Analyzed 584 active tenders.
- SLA Alerts (T+3): 3
- Due Alerts (T2-3 / T2) for Issued Tenders: 6
- Due Alerts (T2-3 / T2) for Ready to File Tenders: 0
Sending email alert via nodemailer...
Alert email sent successfully. Message ID: <b199c5ba-b2d8-1409-e15c-35efd2cfc4af@gmail.com>
=== Sync completed at Wed Jul 15 09:03:19 IST 2026 ===
=== Sync started at Wed Jul 15 17:02:30 IST 2026 ===
Checking internet connection...
Internet connected! Letting connection stabilize for 10s...
Connecting to IMAP mail server at imap.gmail.com:993... (Attempt 1/3)
Successfully locked INBOX. Searching for matching Tender247 emails...
Found 0 matching unread email message(s).
No new tender emails to process.
Logged out of IMAP mail server.
--- TenderPocket Alert Engine Started ---
Using SMTP Config: Host=smtp.gmail.com, Port=465, Secure=true, User=anuthibhansali@gmail.com
Alert Recipient (Manager Email): anuthibhansali@gmail.com
Today's IST Date: 2026-07-15
Analyzed 592 active tenders.
- SLA Alerts (T+3): 3
- Due Alerts (T2-3 / T2) for Issued Tenders: 6
- Due Alerts (T2-3 / T2) for Ready to File Tenders: 0
Sending email alert via nodemailer...
Alert email sent successfully. Message ID: <671518ed-1d30-ed8b-19c4-abf32f231aec@gmail.com>
=== Sync completed at Wed Jul 15 17:17:37 IST 2026 ===
=== Sync started at Thu Jul 16 09:03:02 IST 2026 ===
Checking internet connection...
Internet connected! Letting connection stabilize for 10s...
Connecting to IMAP mail server at imap.gmail.com:993... (Attempt 1/3)
Successfully locked INBOX. Searching for matching Tender247 emails...
Found 0 matching unread email message(s).
No new tender emails to process.
Logged out of IMAP mail server.
--- TenderPocket Alert Engine Started ---
Using SMTP Config: Host=smtp.gmail.com, Port=465, Secure=true, User=anuthibhansali@gmail.com
Alert Recipient (Manager Email): anuthibhansali@gmail.com
Today's IST Date: 2026-07-16
Analyzed 644 active tenders.
- SLA Alerts (T+3): 5
- Due Alerts (T2-3 / T2) for Issued Tenders: 6
- Due Alerts (T2-3 / T2) for Ready to File Tenders: 0
Sending email alert via nodemailer...
Alert email sent successfully. Message ID: <5dec4846-160b-2562-a598-427c6d6913a8@gmail.com>
=== Sync completed at Thu Jul 16 09:03:20 IST 2026 ===
=== Sync started at Thu Jul 16 17:08:43 IST 2026 ===
Checking internet connection...
Waiting for internet connection (attempt 1/30)...
Waiting for internet connection (attempt 2/30)...
Waiting for internet connection (attempt 3/30)...
Waiting for internet connection (attempt 4/30)...
Waiting for internet connection (attempt 5/30)...
Waiting for internet connection (attempt 6/30)...
Waiting for internet connection (attempt 7/30)...
Waiting for internet connection (attempt 8/30)...
Waiting for internet connection (attempt 9/30)...
Waiting for internet connection (attempt 10/30)...
Waiting for internet connection (attempt 11/30)...
Waiting for internet connection (attempt 12/30)...
Waiting for internet connection (attempt 13/30)...
Waiting for internet connection (attempt 14/30)...
Waiting for internet connection (attempt 15/30)...
Waiting for internet connection (attempt 16/30)...
Waiting for internet connection (attempt 17/30)...
Waiting for internet connection (attempt 18/30)...
Waiting for internet connection (attempt 19/30)...
Waiting for internet connection (attempt 20/30)...
Waiting for internet connection (attempt 21/30)...
Waiting for internet connection (attempt 22/30)...
Waiting for internet connection (attempt 23/30)...
Waiting for internet connection (attempt 24/30)...
Waiting for internet connection (attempt 25/30)...
Waiting for internet connection (attempt 26/30)...
Waiting for internet connection (attempt 27/30)...
Waiting for internet connection (attempt 28/30)...
Waiting for internet connection (attempt 29/30)...
Waiting for internet connection (attempt 30/30)...
Connecting to IMAP mail server at imap.gmail.com:993... (Attempt 1/3)
[Network Retry] IMAP connection failed: getaddrinfo ENOTFOUND imap.gmail.com. Retrying in 10s...
Connecting to IMAP mail server at imap.gmail.com:993... (Attempt 2/3)
[Network Retry] IMAP connection failed: Can not re-use ImapFlow instance. Retrying in 10s...
Connecting to IMAP mail server at imap.gmail.com:993... (Attempt 3/3)
An error occurred during IMAP connection setup: Error: Can not re-use ImapFlow instance
    at ImapFlow.connect (/Users/anuthibhansali/.gemini/antigravity/scratch/tender-pocket/node_modules/imapflow/lib/imap-flow.js:1610:19)
    at run (/Users/anuthibhansali/.gemini/antigravity/scratch/tender-pocket/scripts/sync-emails.js:36:20)
Error: Can not re-use ImapFlow instance
    at ImapFlow.connect (/Users/anuthibhansali/.gemini/antigravity/scratch/tender-pocket/node_modules/imapflow/lib/imap-flow.js:1610:19)
    at run (/Users/anuthibhansali/.gemini/antigravity/scratch/tender-pocket/scripts/sync-emails.js:36:20)
--- TenderPocket Alert Engine Started ---
Using SMTP Config: Host=smtp.gmail.com, Port=465, Secure=true, User=anuthibhansali@gmail.com
Alert Recipient (Manager Email): anuthibhansali@gmail.com
Today's IST Date: 2026-07-16
Analyzed 661 active tenders.
- SLA Alerts (T+3): 5
- Due Alerts (T2-3 / T2) for Issued Tenders: 6
- Due Alerts (T2-3 / T2) for Ready to File Tenders: 1
Sending email alert via nodemailer...
Alert email sent successfully. Message ID: <545fce3e-6b6a-140d-c7aa-60e7b8e8ce64@gmail.com>
=== Sync completed at Thu Jul 16 18:06:16 IST 2026 ===
=== Sync started at Fri Jul 17 09:07:19 IST 2026 ===
Checking internet connection...
Internet connected! Letting connection stabilize for 10s...
Connecting to IMAP mail server at imap.gmail.com:993... (Attempt 1/3)
node:events:487
      throw er; // Unhandled 'error' event
      ^

Error: Socket timeout
    at TLSSocket.<anonymous> (/Users/anuthibhansali/.gemini/antigravity/scratch/tender-pocket/node_modules/imapflow/lib/imap-flow.js:875:29)
    at TLSSocket.emit (node:events:509:28)
    at Socket._onTimeout (node:net:610:8)
    at listOnTimeout (node:internal/timers:605:17)
    at process.processTimers (node:internal/timers:541:7)
Emitted 'error' event on ImapFlow instance at:
    at ImapFlow.emitError (/Users/anuthibhansali/.gemini/antigravity/scratch/tender-pocket/node_modules/imapflow/lib/imap-flow.js:408:14)
    at TLSSocket.<anonymous> (/Users/anuthibhansali/.gemini/antigravity/scratch/tender-pocket/node_modules/imapflow/lib/imap-flow.js:895:26)
    at TLSSocket.emit (node:events:509:28)
    at Socket._onTimeout (node:net:610:8)
    at listOnTimeout (node:internal/timers:605:17)
    at process.processTimers (node:internal/timers:541:7) {
  code: 'ETIMEOUT',
  _connId: 'z1xyzov5xvmbfkpg43i1'
}

Node.js v24.15.0
--- TenderPocket Alert Engine Started ---
Using SMTP Config: Host=smtp.gmail.com, Port=465, Secure=true, User=anuthibhansali@gmail.com
Alert Recipient (Manager Email): anuthibhansali@gmail.com
Today's IST Date: 2026-07-17
Analyzed 690 active tenders.
- SLA Alerts (T+3): 58
- Due Alerts (T2-3 / T2) for Issued Tenders: 13
- Due Alerts (T2-3 / T2) for Ready to File Tenders: 0
Sending email alert via nodemailer...
Alert email sent successfully. Message ID: <caf1ddef-0064-5a1e-84b3-376b6abb1828@gmail.com>
=== Sync completed at Fri Jul 17 09:49:58 IST 2026 ===
=== Sync started at Fri Jul 17 17:14:09 IST 2026 ===
Checking internet connection...
Internet connected! Letting connection stabilize for 10s...
Connecting to IMAP mail server at imap.gmail.com:993... (Attempt 1/3)
node:events:487
      throw er; // Unhandled 'error' event
      ^

Error: Socket timeout
    at TLSSocket.<anonymous> (/Users/anuthibhansali/.gemini/antigravity/scratch/tender-pocket/node_modules/imapflow/lib/imap-flow.js:875:29)
    at TLSSocket.emit (node:events:509:28)
    at Socket._onTimeout (node:net:610:8)
    at listOnTimeout (node:internal/timers:605:17)
    at process.processTimers (node:internal/timers:541:7)
Emitted 'error' event on ImapFlow instance at:
    at ImapFlow.emitError (/Users/anuthibhansali/.gemini/antigravity/scratch/tender-pocket/node_modules/imapflow/lib/imap-flow.js:408:14)
    at TLSSocket.<anonymous> (/Users/anuthibhansali/.gemini/antigravity/scratch/tender-pocket/node_modules/imapflow/lib/imap-flow.js:895:26)
    at TLSSocket.emit (node:events:509:28)
    at Socket._onTimeout (node:net:610:8)
    at listOnTimeout (node:internal/timers:605:17)
    at process.processTimers (node:internal/timers:541:7) {
  code: 'ETIMEOUT',
  _connId: '17ipef29mojvditedhg7'
}

Node.js v24.15.0
--- TenderPocket Alert Engine Started ---
Using SMTP Config: Host=smtp.gmail.com, Port=465, Secure=true, User=anuthibhansali@gmail.com
Alert Recipient (Manager Email): anuthibhansali@gmail.com
Today's IST Date: 2026-07-17
Analyzed 702 active tenders.
- SLA Alerts (T+3): 58
- Due Alerts (T2-3 / T2) for Issued Tenders: 13
- Due Alerts (T2-3 / T2) for Ready to File Tenders: 0
Sending email alert via nodemailer...
Alert email sent successfully. Message ID: <de094d55-1d92-3232-520d-886c77365833@gmail.com>
=== Sync completed at Fri Jul 17 17:58:02 IST 2026 ===
=== Sync started at Sat Jul 18 09:07:38 IST 2026 ===
Checking internet connection...
Internet connected! Letting connection stabilize for 10s...
Connecting to IMAP mail server at imap.gmail.com:993... (Attempt 1/3)
Successfully locked INBOX. Searching for matching Tender247 emails...
Found 2 matching unread email message(s).
Fetching message UID: 74154...
Sending message UID: 74154 to scraping endpoint: http://localhost:3000/api/process-email...
SUCCESS [UID 74154]: Successfully processed email. Extracted 10 tender(s). Added 0 new, updated 4 corrigendum/due-date changes, skipped 6 duplicate(s), failed 0.
Message UID 74154 marked as Seen.
Fetching message UID: 74280...
Sending message UID: 74280 to scraping endpoint: http://localhost:3000/api/process-email...
SUCCESS [UID 74280]: Successfully processed email. Extracted 10 tender(s). Added 0 new, updated 4 corrigendum/due-date changes, skipped 6 duplicate(s), failed 0.
Message UID 74280 marked as Seen.
Logged out of IMAP mail server.
--- TenderPocket Alert Engine Started ---
Using SMTP Config: Host=smtp.gmail.com, Port=465, Secure=true, User=anuthibhansali@gmail.com
Alert Recipient (Manager Email): anuthibhansali@gmail.com
Today's IST Date: 2026-07-18
Analyzed 730 active tenders.
- SLA Alerts (T+3): 64
- Due Alerts (T2-3 / T2) for Issued Tenders: 7
- Due Alerts (T2-3 / T2) for Ready to File Tenders: 0
Sending email alert via nodemailer...
Alert email sent successfully. Message ID: <d4fb317d-701b-4763-58c2-b9976e6575be@gmail.com>
=== Sync completed at Sat Jul 18 09:33:08 IST 2026 ===
=== Sync started at Sat Jul 18 17:00:01 IST 2026 ===
Checking internet connection...
Internet connected! Letting connection stabilize for 10s...
Connecting to IMAP mail server at imap.gmail.com:993... (Attempt 1/3)
Successfully locked INBOX. Searching for matching Tender247 emails...
Found 2 matching unread email message(s).
Fetching message UID: 74154...
Sending message UID: 74154 to scraping endpoint: http://localhost:3000/api/process-email...
SUCCESS [UID 74154]: Successfully processed email. Extracted 10 tender(s). Added 0 new, updated 4 corrigendum/due-date changes, skipped 6 duplicate(s), failed 0.
Message UID 74154 marked as Seen.
Fetching message UID: 74280...
Sending message UID: 74280 to scraping endpoint: http://localhost:3000/api/process-email...
SUCCESS [UID 74280]: Successfully processed email. Extracted 10 tender(s). Added 0 new, updated 4 corrigendum/due-date changes, skipped 6 duplicate(s), failed 0.
Message UID 74280 marked as Seen.
Logged out of IMAP mail server.
--- TenderPocket Alert Engine Started ---
Using SMTP Config: Host=smtp.gmail.com, Port=465, Secure=true, User=anuthibhansali@gmail.com
Alert Recipient (Manager Email): anuthibhansali@gmail.com
Today's IST Date: 2026-07-18
Analyzed 746 active tenders.
- SLA Alerts (T+3): 64
- Due Alerts (T2-3 / T2) for Issued Tenders: 7
- Due Alerts (T2-3 / T2) for Ready to File Tenders: 0
Sending email alert via nodemailer...
Alert email sent successfully. Message ID: <1b7f40ac-7bfa-ba93-7a05-27dc64fe0d65@gmail.com>
=== Sync completed at Sat Jul 18 17:00:30 IST 2026 ===
=== Sync started at Sun Jul 19 09:10:16 IST 2026 ===
Checking internet connection...
Internet connected! Letting connection stabilize for 10s...
Connecting to IMAP mail server at imap.gmail.com:993... (Attempt 1/3)
Successfully locked INBOX. Searching for matching Tender247 emails...
Found 2 matching unread email message(s).
Fetching message UID: 74154...
Sending message UID: 74154 to scraping endpoint: http://localhost:3000/api/process-email...
SUCCESS [UID 74154]: Successfully processed email. Extracted 10 tender(s). Added 0 new, updated 4 corrigendum/due-date changes, skipped 6 duplicate(s), failed 0.
Message UID 74154 marked as Seen.
Fetching message UID: 74280...
Sending message UID: 74280 to scraping endpoint: http://localhost:3000/api/process-email...
SUCCESS [UID 74280]: Successfully processed email. Extracted 10 tender(s). Added 0 new, updated 4 corrigendum/due-date changes, skipped 6 duplicate(s), failed 0.
Message UID 74280 marked as Seen.
Logged out of IMAP mail server.
--- TenderPocket Alert Engine Started ---
Using SMTP Config: Host=smtp.gmail.com, Port=465, Secure=true, User=anuthibhansali@gmail.com
Alert Recipient (Manager Email): anuthibhansali@gmail.com
Today's IST Date: 2026-07-19
Analyzed 758 active tenders.
- SLA Alerts (T+3): 46
- Due Alerts (T2-3 / T2) for Issued Tenders: 4
- Due Alerts (T2-3 / T2) for Ready to File Tenders: 1
Sending email alert via nodemailer...
Alert email sent successfully. Message ID: <7bd108f2-b950-2067-c21e-2b4041891f30@gmail.com>
=== Sync completed at Sun Jul 19 09:38:55 IST 2026 ===
=== Sync started at Sun Jul 19 17:00:01 IST 2026 ===
Checking internet connection...
Internet connected! Letting connection stabilize for 10s...
Connecting to IMAP mail server at imap.gmail.com:993... (Attempt 1/3)
Successfully locked INBOX. Searching for matching Tender247 emails...
Found 2 matching unread email message(s).
Fetching message UID: 74154...
Sending message UID: 74154 to scraping endpoint: http://localhost:3000/api/process-email...
SUCCESS [UID 74154]: Successfully processed email. Extracted 10 tender(s). Added 0 new, updated 4 corrigendum/due-date changes, skipped 6 duplicate(s), failed 0.
Message UID 74154 marked as Seen.
Fetching message UID: 74280...
Sending message UID: 74280 to scraping endpoint: http://localhost:3000/api/process-email...
SUCCESS [UID 74280]: Successfully processed email. Extracted 10 tender(s). Added 0 new, updated 4 corrigendum/due-date changes, skipped 6 duplicate(s), failed 0.
Message UID 74280 marked as Seen.
Logged out of IMAP mail server.
--- TenderPocket Alert Engine Started ---
Using SMTP Config: Host=smtp.gmail.com, Port=465, Secure=true, User=anuthibhansali@gmail.com
Alert Recipient (Manager Email): anuthibhansali@gmail.com
Today's IST Date: 2026-07-19
Analyzed 781 active tenders.
- SLA Alerts (T+3): 46
- Due Alerts (T2-3 / T2) for Issued Tenders: 4
- Due Alerts (T2-3 / T2) for Ready to File Tenders: 1
Sending email alert via nodemailer...
Alert email sent successfully. Message ID: <da913c9c-8012-6f28-8117-fbc284b39e1a@gmail.com>
=== Sync completed at Sun Jul 19 17:00:32 IST 2026 ===
=== Sync started at Mon Jul 20 09:01:29 IST 2026 ===
Checking internet connection...
Internet connected! Letting connection stabilize for 10s...
Connecting to IMAP mail server at imap.gmail.com:993... (Attempt 1/3)
Successfully locked INBOX. Searching for matching Tender247 emails...
Found 2 matching unread email message(s).
Fetching message UID: 74154...
Sending message UID: 74154 to scraping endpoint: http://localhost:3000/api/process-email...
SUCCESS [UID 74154]: Successfully processed email. Extracted 10 tender(s). Added 0 new, updated 4 corrigendum/due-date changes, skipped 6 duplicate(s), failed 0.
Message UID 74154 marked as Seen.
Fetching message UID: 74280...
Sending message UID: 74280 to scraping endpoint: http://localhost:3000/api/process-email...
SUCCESS [UID 74280]: Successfully processed email. Extracted 10 tender(s). Added 0 new, updated 4 corrigendum/due-date changes, skipped 6 duplicate(s), failed 0.
Message UID 74280 marked as Seen.
Logged out of IMAP mail server.
--- TenderPocket Alert Engine Started ---
Using SMTP Config: Host=smtp.gmail.com, Port=465, Secure=true, User=anuthibhansali@gmail.com
Alert Recipient (Manager Email): anuthibhansali@gmail.com
Today's IST Date: 2026-07-20
Analyzed 781 active tenders.
- SLA Alerts (T+3): 41
- Due Alerts (T2-3 / T2) for Issued Tenders: 9
- Due Alerts (T2-3 / T2) for Ready to File Tenders: 0
Sending email alert via nodemailer...
Alert email sent successfully. Message ID: <1a0c669f-fe3a-297b-c5cc-2778b5b8430e@gmail.com>
=== Sync completed at Mon Jul 20 09:12:06 IST 2026 ===
=== Sync started at Mon Jul 20 17:14:47 IST 2026 ===
Checking internet connection...
Internet connected! Letting connection stabilize for 10s...
Connecting to IMAP mail server at imap.gmail.com:993... (Attempt 1/3)
Successfully locked INBOX. Searching for matching Tender247 emails...
Found 2 matching unread email message(s).
Fetching message UID: 74154...
Sending message UID: 74154 to scraping endpoint: http://localhost:3000/api/process-email...
SUCCESS [UID 74154]: Successfully processed email. Extracted 10 tender(s). Added 0 new, updated 4 corrigendum/due-date changes, skipped 6 duplicate(s), failed 0.
Message UID 74154 marked as Seen.
Fetching message UID: 74280...
Sending message UID: 74280 to scraping endpoint: http://localhost:3000/api/process-email...
SUCCESS [UID 74280]: Successfully processed email. Extracted 10 tender(s). Added 0 new, updated 4 corrigendum/due-date changes, skipped 6 duplicate(s), failed 0.
Message UID 74280 marked as Seen.
Logged out of IMAP mail server.
--- TenderPocket Alert Engine Started ---
Using SMTP Config: Host=smtp.gmail.com, Port=465, Secure=true, User=anuthibhansali@gmail.com
Alert Recipient (Manager Email): anuthibhansali@gmail.com
Today's IST Date: 2026-07-20
Analyzed 790 active tenders.
- SLA Alerts (T+3): 41
- Due Alerts (T2-3 / T2) for Issued Tenders: 9
- Due Alerts (T2-3 / T2) for Ready to File Tenders: 0
Sending email alert via nodemailer...
Alert email sent successfully. Message ID: <9eeb3234-ec7e-7b5c-943a-236d21313de3@gmail.com>
=== Sync completed at Mon Jul 20 17:43:35 IST 2026 ===
=== Sync started at Tue Jul 21 09:08:12 IST 2026 ===
Checking internet connection...
Internet connected! Letting connection stabilize for 10s...
Connecting to IMAP mail server at imap.gmail.com:993... (Attempt 1/3)
Successfully locked INBOX. Searching for matching Tender247 emails...
node:events:487
      throw er; // Unhandled 'error' event
      ^

Error: Socket timeout
    at TLSSocket.<anonymous> (/Users/anuthibhansali/.gemini/antigravity/scratch/tender-pocket/node_modules/imapflow/lib/imap-flow.js:875:29)
    at TLSSocket.emit (node:events:509:28)
    at Socket._onTimeout (node:net:610:8)
    at listOnTimeout (node:internal/timers:605:17)
    at process.processTimers (node:internal/timers:541:7)
Emitted 'error' event on ImapFlow instance at:
    at ImapFlow.emitError (/Users/anuthibhansali/.gemini/antigravity/scratch/tender-pocket/node_modules/imapflow/lib/imap-flow.js:408:14)
    at TLSSocket.<anonymous> (/Users/anuthibhansali/.gemini/antigravity/scratch/tender-pocket/node_modules/imapflow/lib/imap-flow.js:895:26)
    at TLSSocket.emit (node:events:509:28)
    at Socket._onTimeout (node:net:610:8)
    at listOnTimeout (node:internal/timers:605:17)
    at process.processTimers (node:internal/timers:541:7) {
  code: 'ETIMEOUT',
  _connId: 'fi85wn4p2f33u04x5p4k'
}

Node.js v24.15.0
--- TenderPocket Alert Engine Started ---
Using SMTP Config: Host=smtp.gmail.com, Port=465, Secure=true, User=anuthibhansali@gmail.com
Alert Recipient (Manager Email): anuthibhansali@gmail.com
Today's IST Date: 2026-07-21
Analyzed 800 active tenders.
- SLA Alerts (T+3): 28
- Due Alerts (T2-3 / T2) for Issued Tenders: 5
- Due Alerts (T2-3 / T2) for Ready to File Tenders: 0
Sending email alert via nodemailer...
[Network Retry] Email sending failed: Timeout. Retrying in 10s (attempt 1/3)...
[Network Retry] Email sending failed: Timeout. Retrying in 10s (attempt 2/3)...
Alert email sent successfully. Message ID: <70e17174-56a5-dfb6-c655-5b038317848c@gmail.com>
=== Sync completed at Tue Jul 21 11:13:09 IST 2026 ===
=== Sync started at Tue Jul 21 17:03:03 IST 2026 ===
Checking internet connection...
Waiting for internet connection (attempt 1/30)...
Waiting for internet connection (attempt 2/30)...
Waiting for internet connection (attempt 3/30)...
Waiting for internet connection (attempt 4/30)...
Waiting for internet connection (attempt 5/30)...
Waiting for internet connection (attempt 6/30)...
Waiting for internet connection (attempt 7/30)...
Waiting for internet connection (attempt 8/30)...
Waiting for internet connection (attempt 9/30)...
Waiting for internet connection (attempt 10/30)...
Waiting for internet connection (attempt 11/30)...
Waiting for internet connection (attempt 12/30)...
Waiting for internet connection (attempt 13/30)...
Waiting for internet connection (attempt 14/30)...
Waiting for internet connection (attempt 15/30)...
Waiting for internet connection (attempt 16/30)...
Waiting for internet connection (attempt 17/30)...
Waiting for internet connection (attempt 18/30)...
Waiting for internet connection (attempt 19/30)...
Waiting for internet connection (attempt 20/30)...
Waiting for internet connection (attempt 21/30)...
Waiting for internet connection (attempt 22/30)...
Waiting for internet connection (attempt 23/30)...
Waiting for internet connection (attempt 24/30)...
Waiting for internet connection (attempt 25/30)...
Waiting for internet connection (attempt 26/30)...
Waiting for internet connection (attempt 27/30)...
Waiting for internet connection (attempt 28/30)...
Waiting for internet connection (attempt 29/30)...
Waiting for internet connection (attempt 30/30)...
Connecting to IMAP mail server at imap.gmail.com:993... (Attempt 1/3)
[Network Retry] IMAP connection failed: getaddrinfo ENOTFOUND imap.gmail.com. Retrying in 10s...
Connecting to IMAP mail server at imap.gmail.com:993... (Attempt 2/3)
[Network Retry] IMAP connection failed: Can not re-use ImapFlow instance. Retrying in 10s...
Connecting to IMAP mail server at imap.gmail.com:993... (Attempt 3/3)
An error occurred during IMAP connection setup: Error: Can not re-use ImapFlow instance
    at ImapFlow.connect (/Users/anuthibhansali/.gemini/antigravity/scratch/tender-pocket/node_modules/imapflow/lib/imap-flow.js:1610:19)
    at run (/Users/anuthibhansali/.gemini/antigravity/scratch/tender-pocket/scripts/sync-emails.js:36:20)
Error: Can not re-use ImapFlow instance
    at ImapFlow.connect (/Users/anuthibhansali/.gemini/antigravity/scratch/tender-pocket/node_modules/imapflow/lib/imap-flow.js:1610:19)
    at run (/Users/anuthibhansali/.gemini/antigravity/scratch/tender-pocket/scripts/sync-emails.js:36:20)
--- TenderPocket Alert Engine Started ---
Using SMTP Config: Host=smtp.gmail.com, Port=465, Secure=true, User=anuthibhansali@gmail.com
Alert Recipient (Manager Email): anuthibhansali@gmail.com
Today's IST Date: 2026-07-21
Analyzed 807 active tenders.
- SLA Alerts (T+3): 28
- Due Alerts (T2-3 / T2) for Issued Tenders: 5
- Due Alerts (T2-3 / T2) for Ready to File Tenders: 0
Sending email alert via nodemailer...
[Network Retry] Email sending failed: getaddrinfo ENOTFOUND smtp.gmail.com. Retrying in 10s (attempt 1/3)...
[Network Retry] Email sending failed: getaddrinfo ENOTFOUND smtp.gmail.com. Retrying in 10s (attempt 2/3)...
Failed to send email alert after all retries: Error: getaddrinfo ENOTFOUND smtp.gmail.com
    at GetAddrInfoReqWrap.onlookupall [as oncomplete] (node:dns:122:26) {
  errno: -3008,
  code: 'EDNS',
  syscall: 'getaddrinfo',
  hostname: 'smtp.gmail.com',
  command: 'CONN'
}
=== Sync completed at Tue Jul 21 17:51:35 IST 2026 ===
=== Sync started at Wed Jul 22 09:13:59 IST 2026 ===
Checking internet connection...
Internet connected! Letting connection stabilize for 10s...
Connecting to IMAP mail server at imap.gmail.com:993... (Attempt 1/3)
Successfully locked INBOX. Searching for matching Tender247 emails...
Found 2 matching unread email message(s).
Fetching message UID: 74154...
Sending message UID: 74154 to scraping endpoint: http://localhost:3000/api/process-email...
Fetch request failed for message UID 74154: Unexpected token '<', "<!DOCTYPE "... is not valid JSON
Fetching message UID: 74280...
Sending message UID: 74280 to scraping endpoint: http://localhost:3000/api/process-email...
Fetch request failed for message UID 74280: Unexpected token '<', "<!DOCTYPE "... is not valid JSON
Logged out of IMAP mail server.
--- TenderPocket Alert Engine Started ---
Using SMTP Config: Host=smtp.gmail.com, Port=465, Secure=true, User=anuthibhansali@gmail.com
Alert Recipient (Manager Email): anuthibhansali@gmail.com
Today's IST Date: 2026-07-22
Analyzed 847 active tenders.
- SLA Alerts (T+3): 23
- Due Alerts (T2-3 / T2) for Issued Tenders: 7
- Due Alerts (T2-3 / T2) for Ready to File Tenders: 1
Sending email alert via nodemailer...
Alert email sent successfully. Message ID: <683fae23-f951-e3c9-1019-ec07c7fce690@gmail.com>
=== Sync completed at Wed Jul 22 09:23:08 IST 2026 ===
=== Sync started at Wed Jul 22 17:00:58 IST 2026 ===
Checking internet connection...
Internet connected! Letting connection stabilize for 10s...
Connecting to IMAP mail server at imap.gmail.com:993... (Attempt 1/3)
Successfully locked INBOX. Searching for matching Tender247 emails...
Found 2 matching unread email message(s).
Fetching message UID: 74154...
Sending message UID: 74154 to scraping endpoint: http://localhost:3000/api/process-email...
Fetch request failed for message UID 74154: fetch failed
Fetching message UID: 74280...
Sending message UID: 74280 to scraping endpoint: http://localhost:3000/api/process-email...
Fetch request failed for message UID 74280: fetch failed
Logged out of IMAP mail server.
--- TenderPocket Alert Engine Started ---
Using SMTP Config: Host=smtp.gmail.com, Port=465, Secure=true, User=anuthibhansali@gmail.com
Alert Recipient (Manager Email): anuthibhansali@gmail.com
Today's IST Date: 2026-07-22
Analyzed 859 active tenders.
- SLA Alerts (T+3): 23
- Due Alerts (T2-3 / T2) for Issued Tenders: 7
- Due Alerts (T2-3 / T2) for Ready to File Tenders: 1
Sending email alert via nodemailer...
Alert email sent successfully. Message ID: <6918bd90-d69d-5e31-f8f0-7cc846cd04e5@gmail.com>
=== Sync completed at Wed Jul 22 17:01:33 IST 2026 ===
=== Sync started at Thu Jul 23 09:03:51 IST 2026 ===
Checking internet connection...
Internet connected! Letting connection stabilize for 10s...
Connecting to IMAP mail server at imap.gmail.com:993... (Attempt 1/3)
node:events:487
      throw er; // Unhandled 'error' event
      ^

Error: Socket timeout
    at TLSSocket.<anonymous> (/Users/anuthibhansali/.gemini/antigravity/scratch/tender-pocket/node_modules/imapflow/lib/imap-flow.js:875:29)
    at TLSSocket.emit (node:events:509:28)
    at Socket._onTimeout (node:net:610:8)
    at listOnTimeout (node:internal/timers:605:17)
    at process.processTimers (node:internal/timers:541:7)
Emitted 'error' event on ImapFlow instance at:
    at ImapFlow.emitError (/Users/anuthibhansali/.gemini/antigravity/scratch/tender-pocket/node_modules/imapflow/lib/imap-flow.js:408:14)
    at TLSSocket.<anonymous> (/Users/anuthibhansali/.gemini/antigravity/scratch/tender-pocket/node_modules/imapflow/lib/imap-flow.js:895:26)
    at TLSSocket.emit (node:events:509:28)
    at Socket._onTimeout (node:net:610:8)
    at listOnTimeout (node:internal/timers:605:17)
    at process.processTimers (node:internal/timers:541:7) {
  code: 'ETIMEOUT',
  _connId: '1cmq5izwlr0vk9u3edek'
}

Node.js v24.15.0
--- TenderPocket Alert Engine Started ---
Using SMTP Config: Host=smtp.gmail.com, Port=465, Secure=true, User=anuthibhansali@gmail.com
Alert Recipient (Manager Email): anuthibhansali@gmail.com
Today's IST Date: 2026-07-23
Analyzed 885 active tenders.
- SLA Alerts (T+3): 17
- Due Alerts (T2-3 / T2) for Issued Tenders: 5
- Due Alerts (T2-3 / T2) for Ready to File Tenders: 0
Sending email alert via nodemailer...
Alert email sent successfully. Message ID: <3b3d050b-de3b-fb51-fafa-d99d91573edb@gmail.com>
=== Sync completed at Thu Jul 23 09:47:13 IST 2026 ===
=== Sync started at Thu Jul 23 17:02:35 IST 2026 ===
Checking internet connection...
Waiting for internet connection (attempt 1/30)...
Waiting for internet connection (attempt 2/30)...
Waiting for internet connection (attempt 3/30)...
Waiting for internet connection (attempt 4/30)...
Waiting for internet connection (attempt 5/30)...
Waiting for internet connection (attempt 6/30)...
Waiting for internet connection (attempt 7/30)...
Waiting for internet connection (attempt 8/30)...
Waiting for internet connection (attempt 9/30)...
Waiting for internet connection (attempt 10/30)...
Waiting for internet connection (attempt 11/30)...
Waiting for internet connection (attempt 12/30)...
Waiting for internet connection (attempt 13/30)...
Waiting for internet connection (attempt 14/30)...
Waiting for internet connection (attempt 15/30)...
Waiting for internet connection (attempt 16/30)...
Waiting for internet connection (attempt 17/30)...
Waiting for internet connection (attempt 18/30)...
Waiting for internet connection (attempt 19/30)...
Waiting for internet connection (attempt 20/30)...
Waiting for internet connection (attempt 21/30)...
Waiting for internet connection (attempt 22/30)...
Waiting for internet connection (attempt 23/30)...
Waiting for internet connection (attempt 24/30)...
Waiting for internet connection (attempt 25/30)...
Waiting for internet connection (attempt 26/30)...
Waiting for internet connection (attempt 27/30)...
Waiting for internet connection (attempt 28/30)...
Waiting for internet connection (attempt 29/30)...
Waiting for internet connection (attempt 30/30)...
Connecting to IMAP mail server at imap.gmail.com:993... (Attempt 1/3)
[Network Retry] IMAP connection failed: getaddrinfo ENOTFOUND imap.gmail.com. Retrying in 10s...
Connecting to IMAP mail server at imap.gmail.com:993... (Attempt 2/3)
[Network Retry] IMAP connection failed: Can not re-use ImapFlow instance. Retrying in 10s...
Connecting to IMAP mail server at imap.gmail.com:993... (Attempt 3/3)
An error occurred during IMAP connection setup: Error: Can not re-use ImapFlow instance
    at ImapFlow.connect (/Users/anuthibhansali/.gemini/antigravity/scratch/tender-pocket/node_modules/imapflow/lib/imap-flow.js:1610:19)
    at run (/Users/anuthibhansali/.gemini/antigravity/scratch/tender-pocket/scripts/sync-emails.js:36:20)
Error: Can not re-use ImapFlow instance
    at ImapFlow.connect (/Users/anuthibhansali/.gemini/antigravity/scratch/tender-pocket/node_modules/imapflow/lib/imap-flow.js:1610:19)
    at run (/Users/anuthibhansali/.gemini/antigravity/scratch/tender-pocket/scripts/sync-emails.js:36:20)
--- TenderPocket Alert Engine Started ---
Using SMTP Config: Host=smtp.gmail.com, Port=465, Secure=true, User=anuthibhansali@gmail.com
Alert Recipient (Manager Email): anuthibhansali@gmail.com
Today's IST Date: 2026-07-23
Analyzed 917 active tenders.
- SLA Alerts (T+3): 17
- Due Alerts (T2-3 / T2) for Issued Tenders: 5
- Due Alerts (T2-3 / T2) for Ready to File Tenders: 0
Sending email alert via nodemailer...
[Network Retry] Email sending failed: getaddrinfo ENOTFOUND smtp.gmail.com. Retrying in 10s (attempt 1/3)...
[Network Retry] Email sending failed: getaddrinfo ENOTFOUND smtp.gmail.com. Retrying in 10s (attempt 2/3)...
Failed to send email alert after all retries: Error: getaddrinfo ENOTFOUND smtp.gmail.com
    at GetAddrInfoReqWrap.onlookupall [as oncomplete] (node:dns:122:26) {
  errno: -3008,
  code: 'EDNS',
  syscall: 'getaddrinfo',
  hostname: 'smtp.gmail.com',
  command: 'CONN'
}
=== Sync completed at Thu Jul 23 18:00:47 IST 2026 ===
=== Sync started at Fri Jul 24 09:04:25 IST 2026 ===
Checking internet connection...
Internet connected! Letting connection stabilize for 10s...
Connecting to IMAP mail server at imap.gmail.com:993... (Attempt 1/3)
Successfully locked INBOX. Searching for matching Tender247 emails...
Found 2 matching unread email message(s).
Fetching message UID: 74154...
Sending message UID: 74154 to scraping endpoint: http://localhost:3000/api/process-email...
SUCCESS [UID 74154]: Successfully processed email. Extracted 10 tender(s). Added 0 new, updated 4 corrigendum/due-date changes, skipped 6 duplicate(s), failed 0.
Message UID 74154 marked as Seen.
Fetching message UID: 74280...
Sending message UID: 74280 to scraping endpoint: http://localhost:3000/api/process-email...
SUCCESS [UID 74280]: Successfully processed email. Extracted 10 tender(s). Added 0 new, updated 4 corrigendum/due-date changes, skipped 6 duplicate(s), failed 0.
Message UID 74280 marked as Seen.
Logged out of IMAP mail server.
--- TenderPocket Alert Engine Started ---
Using SMTP Config: Host=smtp.gmail.com, Port=465, Secure=true, User=anuthibhansali@gmail.com
Alert Recipient (Manager Email): anuthibhansali@gmail.com
Today's IST Date: 2026-07-24
Analyzed 945 active tenders.
- SLA Alerts (T+3): 43
- Due Alerts (T2-3 / T2) for Issued Tenders: 5
- Due Alerts (T2-3 / T2) for Ready to File Tenders: 1
Sending email alert via nodemailer...
Alert email sent successfully. Message ID: <e9e2d730-8bd5-56d1-fe3a-3421a2587e3d@gmail.com>
=== Sync completed at Fri Jul 24 09:30:37 IST 2026 ===
=== Sync started at Fri Jul 24 17:12:19 IST 2026 ===
Checking internet connection...
Waiting for internet connection (attempt 1/30)...
Waiting for internet connection (attempt 2/30)...
Waiting for internet connection (attempt 3/30)...
Waiting for internet connection (attempt 4/30)...
Waiting for internet connection (attempt 5/30)...
Waiting for internet connection (attempt 6/30)...
Waiting for internet connection (attempt 7/30)...
Waiting for internet connection (attempt 8/30)...
Waiting for internet connection (attempt 9/30)...
Waiting for internet connection (attempt 10/30)...
Waiting for internet connection (attempt 11/30)...
Waiting for internet connection (attempt 12/30)...
Waiting for internet connection (attempt 13/30)...
Waiting for internet connection (attempt 14/30)...
Waiting for internet connection (attempt 15/30)...
Waiting for internet connection (attempt 16/30)...
Waiting for internet connection (attempt 17/30)...
Waiting for internet connection (attempt 18/30)...
Waiting for internet connection (attempt 19/30)...
Waiting for internet connection (attempt 20/30)...
Waiting for internet connection (attempt 21/30)...
Waiting for internet connection (attempt 22/30)...
Waiting for internet connection (attempt 23/30)...
Waiting for internet connection (attempt 24/30)...
Waiting for internet connection (attempt 25/30)...
Waiting for internet connection (attempt 26/30)...
Waiting for internet connection (attempt 27/30)...
Waiting for internet connection (attempt 28/30)...
Waiting for internet connection (attempt 29/30)...
Waiting for internet connection (attempt 30/30)...
Connecting to IMAP mail server at imap.gmail.com:993... (Attempt 1/3)
[Network Retry] IMAP connection failed: getaddrinfo ENOTFOUND imap.gmail.com. Retrying in 10s...
Connecting to IMAP mail server at imap.gmail.com:993... (Attempt 2/3)
[Network Retry] IMAP connection failed: Can not re-use ImapFlow instance. Retrying in 10s...
Connecting to IMAP mail server at imap.gmail.com:993... (Attempt 3/3)
An error occurred during IMAP connection setup: Error: Can not re-use ImapFlow instance
    at ImapFlow.connect (/Users/anuthibhansali/.gemini/antigravity/scratch/tender-pocket/node_modules/imapflow/lib/imap-flow.js:1610:19)
    at run (/Users/anuthibhansali/.gemini/antigravity/scratch/tender-pocket/scripts/sync-emails.js:36:20)
Error: Can not re-use ImapFlow instance
    at ImapFlow.connect (/Users/anuthibhansali/.gemini/antigravity/scratch/tender-pocket/node_modules/imapflow/lib/imap-flow.js:1610:19)
    at run (/Users/anuthibhansali/.gemini/antigravity/scratch/tender-pocket/scripts/sync-emails.js:36:20)
--- TenderPocket Alert Engine Started ---
Using SMTP Config: Host=smtp.gmail.com, Port=465, Secure=true, User=anuthibhansali@gmail.com
Alert Recipient (Manager Email): anuthibhansali@gmail.com
Today's IST Date: 2026-07-24
Analyzed 967 active tenders.
- SLA Alerts (T+3): 43
- Due Alerts (T2-3 / T2) for Issued Tenders: 6
- Due Alerts (T2-3 / T2) for Ready to File Tenders: 1
Sending email alert via nodemailer...
[Network Retry] Email sending failed: getaddrinfo ENOTFOUND smtp.gmail.com. Retrying in 10s (attempt 1/3)...
[Network Retry] Email sending failed: connect EHOSTUNREACH 2404:6800:4000:1025::6d:465 - Local (:::50237). Retrying in 10s (attempt 2/3)...
Failed to send email alert after all retries: Error: connect EHOSTUNREACH 2404:6800:4000:1025::6d:465 - Local (:::50254)
    at internalConnect (node:net:1169:16)
    at defaultTriggerAsyncIdScope (node:internal/async_hooks:472:18)
    at node:net:1415:9
    at process.processTicksAndRejections (node:internal/process/task_queues:85:11) {
  errno: -65,
  code: 'ESOCKET',
  syscall: 'connect',
  address: '2404:6800:4000:1025::6d',
  port: 465,
  command: 'CONN'
}
=== Sync completed at Fri Jul 24 18:53:11 IST 2026 ===
=== Sync started at Sat Jul 25 09:11:48 IST 2026 ===
Checking internet connection...
Internet connected! Letting connection stabilize for 10s...
Connecting to IMAP mail server at imap.gmail.com:993... (Attempt 1/3)
node:events:487
      throw er; // Unhandled 'error' event
      ^

Error: Socket timeout
    at TLSSocket.<anonymous> (/Users/anuthibhansali/.gemini/antigravity/scratch/tender-pocket/node_modules/imapflow/lib/imap-flow.js:875:29)
    at TLSSocket.emit (node:events:509:28)
    at Socket._onTimeout (node:net:610:8)
    at listOnTimeout (node:internal/timers:605:17)
    at process.processTimers (node:internal/timers:541:7)
Emitted 'error' event on ImapFlow instance at:
    at ImapFlow.emitError (/Users/anuthibhansali/.gemini/antigravity/scratch/tender-pocket/node_modules/imapflow/lib/imap-flow.js:408:14)
    at TLSSocket.<anonymous> (/Users/anuthibhansali/.gemini/antigravity/scratch/tender-pocket/node_modules/imapflow/lib/imap-flow.js:895:26)
    at TLSSocket.emit (node:events:509:28)
    at Socket._onTimeout (node:net:610:8)
    at listOnTimeout (node:internal/timers:605:17)
    at process.processTimers (node:internal/timers:541:7) {
  code: 'ETIMEOUT',
  _connId: 'r7tre1ce14eoel9cq1y1'
}

Node.js v24.15.0
--- TenderPocket Alert Engine Started ---
Using SMTP Config: Host=smtp.gmail.com, Port=465, Secure=true, User=anuthibhansali@gmail.com
Alert Recipient (Manager Email): anuthibhansali@gmail.com
Today's IST Date: 2026-07-25
Analyzed 996 active tenders.
- SLA Alerts (T+3): 40
- Due Alerts (T2-3 / T2) for Issued Tenders: 10
- Due Alerts (T2-3 / T2) for Ready to File Tenders: 1
Sending email alert via nodemailer...
[Network Retry] Email sending failed: Greeting never received. Retrying in 10s (attempt 1/3)...
Alert email sent successfully. Message ID: <cf2a2a14-2ce9-9298-7882-4cb262262c17@gmail.com>
=== Sync completed at Sat Jul 25 10:08:18 IST 2026 ===
=== Sync started at Sat Jul 25 17:00:01 IST 2026 ===
Checking internet connection...
Internet connected! Letting connection stabilize for 10s...
Connecting to IMAP mail server at imap.gmail.com:993... (Attempt 1/3)
Successfully locked INBOX. Searching for matching Tender247 emails...
Found 2 matching unread email message(s).
Fetching message UID: 74154...
Sending message UID: 74154 to scraping endpoint: http://localhost:3000/api/process-email...
Fetch request failed for message UID 74154: fetch failed
Fetching message UID: 74280...
Sending message UID: 74280 to scraping endpoint: http://localhost:3000/api/process-email...
Fetch request failed for message UID 74280: fetch failed
Logged out of IMAP mail server.
--- TenderPocket Alert Engine Started ---
Using SMTP Config: Host=smtp.gmail.com, Port=465, Secure=true, User=anuthibhansali@gmail.com
Alert Recipient (Manager Email): anuthibhansali@gmail.com
Today's IST Date: 2026-07-25
Analyzed 1011 active tenders.
- SLA Alerts (T+3): 40
- Due Alerts (T2-3 / T2) for Issued Tenders: 10
- Due Alerts (T2-3 / T2) for Ready to File Tenders: 1
Sending email alert via nodemailer...
Alert email sent successfully. Message ID: <feed27f1-9b1c-d717-ecad-80cf82a38c64@gmail.com>
=== Sync completed at Sat Jul 25 17:00:20 IST 2026 ===
=== Sync started at Sun Jul 26 09:15:36 IST 2026 ===
Checking internet connection...
Internet connected! Letting connection stabilize for 10s...
Connecting to IMAP mail server at imap.gmail.com:993... (Attempt 1/3)
Successfully locked INBOX. Searching for matching Tender247 emails...
Found 0 matching unread email message(s).
No new tender emails to process.
Logged out of IMAP mail server.
--- TenderPocket Alert Engine Started ---
Using SMTP Config: Host=smtp.gmail.com, Port=465, Secure=true, User=anuthibhansali@gmail.com
Alert Recipient (Manager Email): anuthibhansali@gmail.com
Today's IST Date: 2026-07-26
Analyzed 10 active tenders.
- SLA Alerts (T+3): 0
- Due Alerts (T2-3 / T2) for Issued Tenders: 0
- Due Alerts (T2-3 / T2) for Ready to File Tenders: 0
No tenders matching alert thresholds today. Exiting.
=== Sync completed at Sun Jul 26 09:25:34 IST 2026 ===
=== Sync started at Sun Jul 26 17:07:01 IST 2026 ===
Checking internet connection...
Waiting for internet connection (attempt 1/30)...
Waiting for internet connection (attempt 2/30)...
Waiting for internet connection (attempt 3/30)...
Waiting for internet connection (attempt 4/30)...
Waiting for internet connection (attempt 5/30)...
Waiting for internet connection (attempt 6/30)...
Waiting for internet connection (attempt 7/30)...
Waiting for internet connection (attempt 8/30)...
Waiting for internet connection (attempt 9/30)...
Waiting for internet connection (attempt 10/30)...
Waiting for internet connection (attempt 11/30)...
Waiting for internet connection (attempt 12/30)...
Waiting for internet connection (attempt 13/30)...
Waiting for internet connection (attempt 14/30)...
Waiting for internet connection (attempt 15/30)...
Waiting for internet connection (attempt 16/30)...
Waiting for internet connection (attempt 17/30)...
Waiting for internet connection (attempt 18/30)...
Waiting for internet connection (attempt 19/30)...
Waiting for internet connection (attempt 20/30)...
Waiting for internet connection (attempt 21/30)...
Waiting for internet connection (attempt 22/30)...
Waiting for internet connection (attempt 23/30)...
Waiting for internet connection (attempt 24/30)...
Waiting for internet connection (attempt 25/30)...
Waiting for internet connection (attempt 26/30)...
Waiting for internet connection (attempt 27/30)...
Waiting for internet connection (attempt 28/30)...
Waiting for internet connection (attempt 29/30)...
Waiting for internet connection (attempt 30/30)...
Connecting to IMAP mail server at imap.gmail.com:993... (Attempt 1/3)
[Network Retry] IMAP connection failed: getaddrinfo ENOTFOUND imap.gmail.com. Retrying in 10s...
Connecting to IMAP mail server at imap.gmail.com:993... (Attempt 2/3)
[Network Retry] IMAP connection failed: Can not re-use ImapFlow instance. Retrying in 10s...
Connecting to IMAP mail server at imap.gmail.com:993... (Attempt 3/3)
An error occurred during IMAP connection setup: Error: Can not re-use ImapFlow instance
    at ImapFlow.connect (/Users/anuthibhansali/.gemini/antigravity/scratch/tender-pocket/node_modules/imapflow/lib/imap-flow.js:1610:19)
    at run (/Users/anuthibhansali/.gemini/antigravity/scratch/tender-pocket/scripts/sync-emails.js:36:20)
Error: Can not re-use ImapFlow instance
    at ImapFlow.connect (/Users/anuthibhansali/.gemini/antigravity/scratch/tender-pocket/node_modules/imapflow/lib/imap-flow.js:1610:19)
    at run (/Users/anuthibhansali/.gemini/antigravity/scratch/tender-pocket/scripts/sync-emails.js:36:20)
--- TenderPocket Alert Engine Started ---
Using SMTP Config: Host=smtp.gmail.com, Port=465, Secure=true, User=anuthibhansali@gmail.com
Alert Recipient (Manager Email): anuthibhansali@gmail.com
Today's IST Date: 2026-07-26
Analyzed 27 active tenders.
- SLA Alerts (T+3): 0
- Due Alerts (T2-3 / T2) for Issued Tenders: 0
- Due Alerts (T2-3 / T2) for Ready to File Tenders: 0
No tenders matching alert thresholds today. Exiting.
=== Sync completed at Sun Jul 26 18:36:38 IST 2026 ===
=== Sync started at Mon Jul 27 09:00:59 IST 2026 ===
Checking internet connection...
Internet connected! Letting connection stabilize for 10s...
Connecting to IMAP mail server at imap.gmail.com:993... (Attempt 1/3)
Successfully locked INBOX. Searching for matching Tender247 emails...
Found 0 matching unread email message(s).
No new tender emails to process.
Logged out of IMAP mail server.
--- TenderPocket Alert Engine Started ---
Using SMTP Config: Host=smtp.gmail.com, Port=465, Secure=true, User=anuthibhansali@gmail.com
Alert Recipient (Manager Email): anuthibhansali@gmail.com
Today's IST Date: 2026-07-27
Analyzed 28 active tenders.
- SLA Alerts (T+3): 0
- Due Alerts (T2-3 / T2) for Issued Tenders: 0
- Due Alerts (T2-3 / T2) for Ready to File Tenders: 0
No tenders matching alert thresholds today. Exiting.
=== Sync completed at Mon Jul 27 09:17:29 IST 2026 ===
=== Sync started at Mon Jul 27 17:12:01 IST 2026 ===
Checking internet connection...
Internet connected! Letting connection stabilize for 10s...
Connecting to IMAP mail server at imap.gmail.com:993... (Attempt 1/3)
Successfully locked INBOX. Searching for matching Tender247 emails...
Found 0 matching unread email message(s).
No new tender emails to process.
Logged out of IMAP mail server.
--- TenderPocket Alert Engine Started ---
Using SMTP Config: Host=smtp.gmail.com, Port=465, Secure=true, User=anuthibhansali@gmail.com
Alert Recipient (Manager Email): anuthibhansali@gmail.com
Today's IST Date: 2026-07-27
Analyzed 29 active tenders.
- SLA Alerts (T+3): 0
- Due Alerts (T2-3 / T2) for Issued Tenders: 1
- Due Alerts (T2-3 / T2) for Ready to File Tenders: 0
Sending email alert via nodemailer...
Alert email sent successfully. Message ID: <c74e7cff-167e-5c0b-8c40-18df13f3e6ef@gmail.com>
=== Sync completed at Mon Jul 27 17:12:20 IST 2026 ===
=== Sync started at Tue Jul 28 09:15:08 IST 2026 ===
Checking internet connection...
Internet connected! Letting connection stabilize for 10s...
Connecting to IMAP mail server at imap.gmail.com:993... (Attempt 1/3)
Successfully locked INBOX. Searching for matching Tender247 emails...
Found 0 matching unread email message(s).
No new tender emails to process.
Logged out of IMAP mail server.
--- TenderPocket Alert Engine Started ---
Using SMTP Config: Host=smtp.gmail.com, Port=465, Secure=true, User=anuthibhansali@gmail.com
Alert Recipient (Manager Email): anuthibhansali@gmail.com
Today's IST Date: 2026-07-28
Analyzed 34 active tenders.
- SLA Alerts (T+3): 10
- Due Alerts (T2-3 / T2) for Issued Tenders: 0
- Due Alerts (T2-3 / T2) for Ready to File Tenders: 0
Sending email alert via nodemailer...
Alert email sent successfully. Message ID: <f9386279-8da6-8575-fb18-f8999673c3fe@gmail.com>
=== Sync completed at Tue Jul 28 09:26:18 IST 2026 ===
=== Sync started at Tue Jul 28 17:06:13 IST 2026 ===
Checking internet connection...
Internet connected! Letting connection stabilize for 10s...
Connecting to IMAP mail server at imap.gmail.com:993... (Attempt 1/3)
Successfully locked INBOX. Searching for matching Tender247 emails...
Found 0 matching unread email message(s).
No new tender emails to process.
Logged out of IMAP mail server.
--- TenderPocket Alert Engine Started ---
Using SMTP Config: Host=smtp.gmail.com, Port=465, Secure=true, User=anuthibhansali@gmail.com
Alert Recipient (Manager Email): anuthibhansali@gmail.com
Today's IST Date: 2026-07-28
Analyzed 61 active tenders.
- SLA Alerts (T+3): 10
- Due Alerts (T2-3 / T2) for Issued Tenders: 1
- Due Alerts (T2-3 / T2) for Ready to File Tenders: 0
Sending email alert via nodemailer...
Alert email sent successfully. Message ID: <1f6f3472-2ef7-d262-f34e-73b7092cef29@gmail.com>
=== Sync completed at Tue Jul 28 17:06:33 IST 2026 ===
=== Sync started at Wed Jul 29 09:00:30 IST 2026 ===
Checking internet connection...
Internet connected! Letting connection stabilize for 10s...
Connecting to IMAP mail server at imap.gmail.com:993... (Attempt 1/3)
Successfully locked INBOX. Searching for matching Tender247 emails...
Found 0 matching unread email message(s).
No new tender emails to process.
node:events:487
      throw er; // Unhandled 'error' event
      ^

Error: Socket timeout
    at TLSSocket.<anonymous> (/Users/anuthibhansali/.gemini/antigravity/scratch/tender-pocket/node_modules/imapflow/lib/imap-flow.js:875:29)
    at TLSSocket.emit (node:events:509:28)
    at Socket._onTimeout (node:net:610:8)
    at listOnTimeout (node:internal/timers:605:17)
    at process.processTimers (node:internal/timers:541:7)
Emitted 'error' event on ImapFlow instance at:
    at ImapFlow.emitError (/Users/anuthibhansali/.gemini/antigravity/scratch/tender-pocket/node_modules/imapflow/lib/imap-flow.js:408:14)
    at TLSSocket.<anonymous> (/Users/anuthibhansali/.gemini/antigravity/scratch/tender-pocket/node_modules/imapflow/lib/imap-flow.js:895:26)
    at TLSSocket.emit (node:events:509:28)
    at Socket._onTimeout (node:net:610:8)
    at listOnTimeout (node:internal/timers:605:17)
    at process.processTimers (node:internal/timers:541:7) {
  code: 'ETIMEOUT',
  _connId: '0n7nkft5dkdzgg1gucuv'
}

Node.js v24.15.0
--- TenderPocket Alert Engine Started ---
Using SMTP Config: Host=smtp.gmail.com, Port=465, Secure=true, User=anuthibhansali@gmail.com
Alert Recipient (Manager Email): anuthibhansali@gmail.com
Today's IST Date: 2026-07-29
Analyzed 98 active tenders.
- SLA Alerts (T+3): 17
- Due Alerts (T2-3 / T2) for Issued Tenders: 0
- Due Alerts (T2-3 / T2) for Ready to File Tenders: 0
Sending email alert via nodemailer...
Alert email sent successfully. Message ID: <3718b886-70e4-916d-b47b-6242b23b1fa1@gmail.com>
=== Sync completed at Wed Jul 29 09:44:07 IST 2026 ===
=== Sync started at Wed Jul 29 17:07:37 IST 2026 ===
Checking internet connection...
Internet connected! Letting connection stabilize for 10s...
Connecting to IMAP mail server at imap.gmail.com:993... (Attempt 1/3)
Successfully locked INBOX. Searching for matching Tender247 emails...
Found 0 matching unread email message(s).
No new tender emails to process.
Logged out of IMAP mail server.
--- TenderPocket Alert Engine Started ---
Using SMTP Config: Host=smtp.gmail.com, Port=465, Secure=true, User=anuthibhansali@gmail.com
Alert Recipient (Manager Email): anuthibhansali@gmail.com
Today's IST Date: 2026-07-29
Analyzed 110 active tenders.
- SLA Alerts (T+3): 17
- Due Alerts (T2-3 / T2) for Issued Tenders: 0
- Due Alerts (T2-3 / T2) for Ready to File Tenders: 0
Sending email alert via nodemailer...
Alert email sent successfully. Message ID: <95d516e1-ebd1-c96c-76ad-580d7bb2b3de@gmail.com>
=== Sync completed at Wed Jul 29 17:23:16 IST 2026 ===
=== Sync started at Thu Jul 30 09:13:04 IST 2026 ===
Checking internet connection...
Internet connected! Letting connection stabilize for 10s...
Connecting to IMAP mail server at imap.gmail.com:993... (Attempt 1/3)
Successfully locked INBOX. Searching for matching Tender247 emails...
node:events:487
      throw er; // Unhandled 'error' event
      ^

Error: Socket timeout
    at TLSSocket.<anonymous> (/Users/anuthibhansali/.gemini/antigravity/scratch/tender-pocket/node_modules/imapflow/lib/imap-flow.js:875:29)
    at TLSSocket.emit (node:events:509:28)
    at Socket._onTimeout (node:net:610:8)
    at listOnTimeout (node:internal/timers:605:17)
    at process.processTimers (node:internal/timers:541:7)
Emitted 'error' event on ImapFlow instance at:
    at ImapFlow.emitError (/Users/anuthibhansali/.gemini/antigravity/scratch/tender-pocket/node_modules/imapflow/lib/imap-flow.js:408:14)
    at TLSSocket.<anonymous> (/Users/anuthibhansali/.gemini/antigravity/scratch/tender-pocket/node_modules/imapflow/lib/imap-flow.js:895:26)
    at TLSSocket.emit (node:events:509:28)
    at Socket._onTimeout (node:net:610:8)
    at listOnTimeout (node:internal/timers:605:17)
    at process.processTimers (node:internal/timers:541:7) {
  code: 'ETIMEOUT',
  _connId: 'a3dwbpsx3ohxn3f7gnj7'
}

Node.js v24.15.0
--- TenderPocket Alert Engine Started ---
Using SMTP Config: Host=smtp.gmail.com, Port=465, Secure=true, User=anuthibhansali@gmail.com
Alert Recipient (Manager Email): anuthibhansali@gmail.com
Today's IST Date: 2026-07-30
Analyzed 123 active tenders.
- SLA Alerts (T+3): 7
- Due Alerts (T2-3 / T2) for Issued Tenders: 1
- Due Alerts (T2-3 / T2) for Ready to File Tenders: 0
Sending email alert via nodemailer...
[Network Retry] Email sending failed: read ETIMEDOUT. Retrying in 10s (attempt 1/3)...
[Network Retry] Email sending failed: connect ENETUNREACH 192.178.211.109:465 - Local (0.0.0.0:56587). Retrying in 10s (attempt 2/3)...
Failed to send email alert after all retries: Error: connect ENETUNREACH 192.178.211.109:465 - Local (0.0.0.0:56594)
    at internalConnect (node:net:1169:16)
    at defaultTriggerAsyncIdScope (node:internal/async_hooks:472:18)
    at node:net:1415:9
    at process.processTicksAndRejections (node:internal/process/task_queues:85:11) {
  errno: -51,
  code: 'ESOCKET',
  syscall: 'connect',
  address: '192.178.211.109',
  port: 465,
  command: 'CONN'
}
=== Sync completed at Thu Jul 30 10:09:05 IST 2026 ===
=== Sync started at Thu Jul 30 17:15:10 IST 2026 ===
Checking internet connection...
Internet connected! Letting connection stabilize for 10s...
Connecting to IMAP mail server at imap.gmail.com:993... (Attempt 1/3)
Successfully locked INBOX. Searching for matching Tender247 emails...
node:events:487
      throw er; // Unhandled 'error' event
      ^

Error: read ECONNRESET
    at TLSWrap.onStreamRead (node:internal/stream_base_commons:216:20)
Emitted 'error' event on ImapFlow instance at:
    at ImapFlow.emitError (/Users/anuthibhansali/.gemini/antigravity/scratch/tender-pocket/node_modules/imapflow/lib/imap-flow.js:408:14)
    at TLSSocket.<anonymous> (/Users/anuthibhansali/.gemini/antigravity/scratch/tender-pocket/node_modules/imapflow/lib/imap-flow.js:859:22)
    at Object.onceWrapper (node:events:631:26)
    at TLSSocket.emit (node:events:521:24)
    at emitErrorNT (node:internal/streams/destroy:170:8)
    at emitErrorCloseNT (node:internal/streams/destroy:129:3)
    at process.processTicksAndRejections (node:internal/process/task_queues:90:21) {
  errno: -54,
  code: 'ECONNRESET',
  syscall: 'read',
  _connId: 'onqkqor0o4mtxuxqrjg6'
}

Node.js v24.15.0
--- TenderPocket Alert Engine Started ---
Using SMTP Config: Host=smtp.gmail.com, Port=465, Secure=true, User=anuthibhansali@gmail.com
Alert Recipient (Manager Email): anuthibhansali@gmail.com
Today's IST Date: 2026-07-30
Analyzed 139 active tenders.
- SLA Alerts (T+3): 7
- Due Alerts (T2-3 / T2) for Issued Tenders: 1
- Due Alerts (T2-3 / T2) for Ready to File Tenders: 0
Sending email alert via nodemailer...
Alert email sent successfully. Message ID: <bbf1f0f8-bdf8-1fbd-cacf-bbe6b2bb83df@gmail.com>
=== Sync completed at Thu Jul 30 18:05:14 IST 2026 ===
=== Sync started at Fri Jul 31 09:02:17 IST 2026 ===
Checking internet connection...
Internet connected! Letting connection stabilize for 10s...
Connecting to IMAP mail server at imap.gmail.com:993... (Attempt 1/3)
Successfully locked INBOX. Searching for matching Tender247 emails...
Found 0 matching unread email message(s).
No new tender emails to process.
Logged out of IMAP mail server.
--- TenderPocket Alert Engine Started ---
Using SMTP Config: Host=smtp.gmail.com, Port=465, Secure=true, User=anuthibhansali@gmail.com
Alert Recipient (Manager Email): anuthibhansali@gmail.com
Today's IST Date: 2026-07-31
Analyzed 173 active tenders.
- SLA Alerts (T+3): 59
- Due Alerts (T2-3 / T2) for Issued Tenders: 2
- Due Alerts (T2-3 / T2) for Ready to File Tenders: 0
Sending email alert via nodemailer...
Alert email sent successfully. Message ID: <4a95bbc9-dee7-624d-a538-819f537cf48e@gmail.com>
=== Sync completed at Fri Jul 31 09:05:10 IST 2026 ===
=== Sync started at Fri Jul 31 17:00:17 IST 2026 ===
Checking internet connection...
Waiting for internet connection (attempt 1/30)...
Waiting for internet connection (attempt 2/30)...
Waiting for internet connection (attempt 3/30)...
Waiting for internet connection (attempt 4/30)...
Waiting for internet connection (attempt 5/30)...
Waiting for internet connection (attempt 6/30)...
Waiting for internet connection (attempt 7/30)...
Waiting for internet connection (attempt 8/30)...
Waiting for internet connection (attempt 9/30)...
Waiting for internet connection (attempt 10/30)...
Waiting for internet connection (attempt 11/30)...
Waiting for internet connection (attempt 12/30)...
Waiting for internet connection (attempt 13/30)...
Waiting for internet connection (attempt 14/30)...
Waiting for internet connection (attempt 15/30)...
Waiting for internet connection (attempt 16/30)...
Waiting for internet connection (attempt 17/30)...
Waiting for internet connection (attempt 18/30)...
Waiting for internet connection (attempt 19/30)...
Waiting for internet connection (attempt 20/30)...
Waiting for internet connection (attempt 21/30)...
Waiting for internet connection (attempt 22/30)...
Waiting for internet connection (attempt 23/30)...
Waiting for internet connection (attempt 24/30)...
Waiting for internet connection (attempt 25/30)...
Waiting for internet connection (attempt 26/30)...
Waiting for internet connection (attempt 27/30)...
Waiting for internet connection (attempt 28/30)...
Waiting for internet connection (attempt 29/30)...
Waiting for internet connection (attempt 30/30)...
Connecting to IMAP mail server at imap.gmail.com:993... (Attempt 1/3)
[Network Retry] IMAP connection failed: getaddrinfo ENOTFOUND imap.gmail.com. Retrying in 10s...
Connecting to IMAP mail server at imap.gmail.com:993... (Attempt 2/3)
[Network Retry] IMAP connection failed: Can not re-use ImapFlow instance. Retrying in 10s...
Connecting to IMAP mail server at imap.gmail.com:993... (Attempt 3/3)
An error occurred during IMAP connection setup: Error: Can not re-use ImapFlow instance
    at ImapFlow.connect (/Users/anuthibhansali/.gemini/antigravity/scratch/tender-pocket/node_modules/imapflow/lib/imap-flow.js:1610:19)
    at run (/Users/anuthibhansali/.gemini/antigravity/scratch/tender-pocket/scripts/sync-emails.js:36:20)
Error: Can not re-use ImapFlow instance
    at ImapFlow.connect (/Users/anuthibhansali/.gemini/antigravity/scratch/tender-pocket/node_modules/imapflow/lib/imap-flow.js:1610:19)
    at run (/Users/anuthibhansali/.gemini/antigravity/scratch/tender-pocket/scripts/sync-emails.js:36:20)
--- TenderPocket Alert Engine Started ---
Using SMTP Config: Host=smtp.gmail.com, Port=465, Secure=true, User=anuthibhansali@gmail.com
Alert Recipient (Manager Email): anuthibhansali@gmail.com
Today's IST Date: 2026-07-31
Analyzed 187 active tenders.
- SLA Alerts (T+3): 59
- Due Alerts (T2-3 / T2) for Issued Tenders: 2
- Due Alerts (T2-3 / T2) for Ready to File Tenders: 0
Sending email alert via nodemailer...
[Network Retry] Email sending failed: getaddrinfo ENOTFOUND smtp.gmail.com. Retrying in 10s (attempt 1/3)...
[Network Retry] Email sending failed: getaddrinfo ENOTFOUND smtp.gmail.com. Retrying in 10s (attempt 2/3)...
Failed to send email alert after all retries: Error: getaddrinfo ENOTFOUND smtp.gmail.com
    at GetAddrInfoReqWrap.onlookupall [as oncomplete] (node:dns:122:26) {
  errno: -3008,
  code: 'EDNS',
  syscall: 'getaddrinfo',
  hostname: 'smtp.gmail.com',
  command: 'CONN'
}
=== Sync completed at Fri Jul 31 17:44:08 IST 2026 ===
=== Sync started at Sat Aug  1 09:00:04 IST 2026 ===
Checking internet connection...
Internet connected! Letting connection stabilize for 10s...
Connecting to IMAP mail server at imap.gmail.com:993... (Attempt 1/3)
Successfully locked INBOX. Searching for matching Tender247 emails...
Found 0 matching unread email message(s).
No new tender emails to process.
Logged out of IMAP mail server.
--- TenderPocket Alert Engine Started ---
Using SMTP Config: Host=smtp.gmail.com, Port=465, Secure=true, User=anuthibhansali@gmail.com
Alert Recipient (Manager Email): anuthibhansali@gmail.com
Today's IST Date: 2026-08-01
Analyzed 200 active tenders.
- SLA Alerts (T+3): 30
- Due Alerts (T2-3 / T2) for Issued Tenders: 0
- Due Alerts (T2-3 / T2) for Ready to File Tenders: 0
Sending email alert via nodemailer...
Alert email sent successfully. Message ID: <2ef8f13a-0abc-9d74-5a06-616921698af8@gmail.com>
=== Sync completed at Sat Aug  1 09:00:24 IST 2026 ===
=== Sync started at Sat Aug  1 17:07:05 IST 2026 ===
Checking internet connection...
Internet connected! Letting connection stabilize for 10s...
Connecting to IMAP mail server at imap.gmail.com:993... (Attempt 1/3)
Successfully locked INBOX. Searching for matching Tender247 emails...
Found 0 matching unread email message(s).
No new tender emails to process.
Logged out of IMAP mail server.
--- TenderPocket Alert Engine Started ---
Using SMTP Config: Host=smtp.gmail.com, Port=465, Secure=true, User=anuthibhansali@gmail.com
Alert Recipient (Manager Email): anuthibhansali@gmail.com
Today's IST Date: 2026-08-01
Analyzed 220 active tenders.
- SLA Alerts (T+3): 30
- Due Alerts (T2-3 / T2) for Issued Tenders: 0
- Due Alerts (T2-3 / T2) for Ready to File Tenders: 0
Sending email alert via nodemailer...
Alert email sent successfully. Message ID: <5743e00f-864f-1d86-8081-796015f38a71@gmail.com>
=== Sync completed at Sat Aug  1 17:09:52 IST 2026 ===
=== Sync started at Sun Aug  2 09:06:13 IST 2026 ===
Checking internet connection...
Internet connected! Letting connection stabilize for 10s...
Connecting to IMAP mail server at imap.gmail.com:993... (Attempt 1/3)
Successfully locked INBOX. Searching for matching Tender247 emails...
Found 0 matching unread email message(s).
No new tender emails to process.
Logged out of IMAP mail server.
--- TenderPocket Alert Engine Started ---
Using SMTP Config: Host=smtp.gmail.com, Port=465, Secure=true, User=anuthibhansali@gmail.com
Alert Recipient (Manager Email): anuthibhansali@gmail.com
Today's IST Date: 2026-08-02
Analyzed 227 active tenders.
- SLA Alerts (T+3): 50
- Due Alerts (T2-3 / T2) for Issued Tenders: 0
- Due Alerts (T2-3 / T2) for Ready to File Tenders: 0
Sending email alert via nodemailer...
Alert email sent successfully. Message ID: <484b9743-3d95-26e6-c629-caf6c23bc868@gmail.com>
=== Sync completed at Sun Aug  2 09:06:33 IST 2026 ===
=== Sync started at Sun Aug  2 17:06:53 IST 2026 ===
Checking internet connection...
Internet connected! Letting connection stabilize for 10s...
Connecting to IMAP mail server at imap.gmail.com:993... (Attempt 1/3)
Successfully locked INBOX. Searching for matching Tender247 emails...
Found 0 matching unread email message(s).
No new tender emails to process.
Logged out of IMAP mail server.
--- TenderPocket Alert Engine Started ---
Using SMTP Config: Host=smtp.gmail.com, Port=465, Secure=true, User=anuthibhansali@gmail.com
Alert Recipient (Manager Email): anuthibhansali@gmail.com
Today's IST Date: 2026-08-02
Analyzed 261 active tenders.
- SLA Alerts (T+3): 50
- Due Alerts (T2-3 / T2) for Issued Tenders: 0
- Due Alerts (T2-3 / T2) for Ready to File Tenders: 0
Sending email alert via nodemailer...
Alert email sent successfully. Message ID: <2d1c9e8d-c761-81ad-b610-98a6b18be5a9@gmail.com>
=== Sync completed at Sun Aug  2 17:07:12 IST 2026 ===
=== Sync started at Mon Aug  3 09:14:06 IST 2026 ===
Checking internet connection...
Internet connected! Letting connection stabilize for 10s...
Connecting to IMAP mail server at imap.gmail.com:993... (Attempt 1/3)
Successfully locked INBOX. Searching for matching Tender247 emails...
Found 0 matching unread email message(s).
No new tender emails to process.
Logged out of IMAP mail server.
--- TenderPocket Alert Engine Started ---
Using SMTP Config: Host=smtp.gmail.com, Port=465, Secure=true, User=anuthibhansali@gmail.com
Alert Recipient (Manager Email): anuthibhansali@gmail.com
Today's IST Date: 2026-08-03
Analyzed 261 active tenders.
- SLA Alerts (T+3): 27
- Due Alerts (T2-3 / T2) for Issued Tenders: 4
- Due Alerts (T2-3 / T2) for Ready to File Tenders: 0
Sending email alert via nodemailer...
Alert email sent successfully. Message ID: <2b24db79-bbe4-c24b-eb67-ea165affad4b@gmail.com>
=== Sync completed at Mon Aug  3 09:34:32 IST 2026 ===
=== Sync started at Mon Aug  3 17:04:10 IST 2026 ===
Checking internet connection...
Internet connected! Letting connection stabilize for 10s...
Connecting to IMAP mail server at imap.gmail.com:993... (Attempt 1/3)
Successfully locked INBOX. Searching for matching Tender247 emails...
Found 0 matching unread email message(s).
No new tender emails to process.
Logged out of IMAP mail server.
--- TenderPocket Alert Engine Started ---
Using SMTP Config: Host=smtp.gmail.com, Port=465, Secure=true, User=anuthibhansali@gmail.com
Alert Recipient (Manager Email): anuthibhansali@gmail.com
Today's IST Date: 2026-08-03
Analyzed 270 active tenders.
- SLA Alerts (T+3): 27
- Due Alerts (T2-3 / T2) for Issued Tenders: 4
- Due Alerts (T2-3 / T2) for Ready to File Tenders: 0
Sending email alert via nodemailer...
Alert email sent successfully. Message ID: <7646a6e5-2a0a-b97f-a6d9-13d46a8795df@gmail.com>
=== Sync completed at Mon Aug  3 17:04:29 IST 2026 ===
=== Sync started at Tue Aug  4 09:03:05 IST 2026 ===
Checking internet connection...
Internet connected! Letting connection stabilize for 10s...
Connecting to IMAP mail server at imap.gmail.com:993... (Attempt 1/3)
Successfully locked INBOX. Searching for matching Tender247 emails...
Found 0 matching unread email message(s).
No new tender emails to process.
Logged out of IMAP mail server.
--- TenderPocket Alert Engine Started ---
Using SMTP Config: Host=smtp.gmail.com, Port=465, Secure=true, User=anuthibhansali@gmail.com
Alert Recipient (Manager Email): anuthibhansali@gmail.com
Today's IST Date: 2026-08-04
Analyzed 294 active tenders.
- SLA Alerts (T+3): 27
- Due Alerts (T2-3 / T2) for Issued Tenders: 2
- Due Alerts (T2-3 / T2) for Ready to File Tenders: 0
Sending email alert via nodemailer...
Alert email sent successfully. Message ID: <584b707f-af62-da09-6b5a-c8c34be1a920@gmail.com>
=== Sync completed at Tue Aug  4 09:32:12 IST 2026 ===
=== Sync started at Tue Aug  4 17:03:08 IST 2026 ===
Checking internet connection...
Waiting for internet connection (attempt 1/30)...
Waiting for internet connection (attempt 2/30)...
Waiting for internet connection (attempt 3/30)...
Internet connected! Letting connection stabilize for 10s...
Connecting to IMAP mail server at imap.gmail.com:993... (Attempt 1/3)
node:events:487
      throw er; // Unhandled 'error' event
      ^

Error: Socket timeout
    at TLSSocket.<anonymous> (/Users/anuthibhansali/.gemini/antigravity/scratch/tender-pocket/node_modules/imapflow/lib/imap-flow.js:875:29)
    at TLSSocket.emit (node:events:509:28)
    at Socket._onTimeout (node:net:610:8)
    at listOnTimeout (node:internal/timers:605:17)
    at process.processTimers (node:internal/timers:541:7)
Emitted 'error' event on ImapFlow instance at:
    at ImapFlow.emitError (/Users/anuthibhansali/.gemini/antigravity/scratch/tender-pocket/node_modules/imapflow/lib/imap-flow.js:408:14)
    at TLSSocket.<anonymous> (/Users/anuthibhansali/.gemini/antigravity/scratch/tender-pocket/node_modules/imapflow/lib/imap-flow.js:895:26)
    at TLSSocket.emit (node:events:509:28)
    at Socket._onTimeout (node:net:610:8)
    at listOnTimeout (node:internal/timers:605:17)
    at process.processTimers (node:internal/timers:541:7) {
  code: 'ETIMEOUT',
  _connId: '5tp5xmt6ucrg3grq63l2'
}

Node.js v24.15.0
--- TenderPocket Alert Engine Started ---
Using SMTP Config: Host=smtp.gmail.com, Port=465, Secure=true, User=anuthibhansali@gmail.com
Alert Recipient (Manager Email): anuthibhansali@gmail.com
Today's IST Date: 2026-08-04
Analyzed 301 active tenders.
- SLA Alerts (T+3): 27
- Due Alerts (T2-3 / T2) for Issued Tenders: 2
- Due Alerts (T2-3 / T2) for Ready to File Tenders: 0
Sending email alert via nodemailer...
[Network Retry] Email sending failed: read ECONNRESET. Retrying in 10s (attempt 1/3)...
Alert email sent successfully. Message ID: <f9159dbb-57ec-16b7-8324-3e9c1c5e9204@gmail.com>
=== Sync completed at Tue Aug  4 17:42:45 IST 2026 ===
=== Sync started at Wed Aug  5 09:10:42 IST 2026 ===
Checking internet connection...
Internet connected! Letting connection stabilize for 10s...
Connecting to IMAP mail server at imap.gmail.com:993... (Attempt 1/3)
Successfully locked INBOX. Searching for matching Tender247 emails...
Found 0 matching unread email message(s).
No new tender emails to process.
Logged out of IMAP mail server.
--- TenderPocket Alert Engine Started ---
Using SMTP Config: Host=smtp.gmail.com, Port=465, Secure=true, User=anuthibhansali@gmail.com
Alert Recipient (Manager Email): anuthibhansali@gmail.com
Today's IST Date: 2026-08-05
Analyzed 372 active tenders.
- SLA Alerts (T+3): 34
- Due Alerts (T2-3 / T2) for Issued Tenders: 0
- Due Alerts (T2-3 / T2) for Ready to File Tenders: 0
Sending email alert via nodemailer...
Alert email sent successfully. Message ID: <0f897db9-b241-547a-b338-5a9fe6863db1@gmail.com>
=== Sync completed at Wed Aug  5 09:39:56 IST 2026 ===
=== Sync started at Wed Aug  5 17:04:11 IST 2026 ===
Checking internet connection...
Internet connected! Letting connection stabilize for 10s...
Connecting to IMAP mail server at imap.gmail.com:993... (Attempt 1/3)
node:events:487
      throw er; // Unhandled 'error' event
      ^

Error: Socket timeout
    at TLSSocket.<anonymous> (/Users/anuthibhansali/.gemini/antigravity/scratch/tender-pocket/node_modules/imapflow/lib/imap-flow.js:875:29)
    at TLSSocket.emit (node:events:509:28)
    at Socket._onTimeout (node:net:610:8)
    at listOnTimeout (node:internal/timers:605:17)
    at process.processTimers (node:internal/timers:541:7)
Emitted 'error' event on ImapFlow instance at:
    at ImapFlow.emitError (/Users/anuthibhansali/.gemini/antigravity/scratch/tender-pocket/node_modules/imapflow/lib/imap-flow.js:408:14)
    at TLSSocket.<anonymous> (/Users/anuthibhansali/.gemini/antigravity/scratch/tender-pocket/node_modules/imapflow/lib/imap-flow.js:895:26)
    at TLSSocket.emit (node:events:509:28)
    at Socket._onTimeout (node:net:610:8)
    at listOnTimeout (node:internal/timers:605:17)
    at process.processTimers (node:internal/timers:541:7) {
  code: 'ETIMEOUT',
  _connId: 'u73c3ojlxn80s6lulezi'
}

Node.js v24.15.0
--- TenderPocket Alert Engine Started ---
Using SMTP Config: Host=smtp.gmail.com, Port=465, Secure=true, User=anuthibhansali@gmail.com
Alert Recipient (Manager Email): anuthibhansali@gmail.com
Today's IST Date: 2026-08-05
Analyzed 393 active tenders.
- SLA Alerts (T+3): 34
- Due Alerts (T2-3 / T2) for Issued Tenders: 1
- Due Alerts (T2-3 / T2) for Ready to File Tenders: 0
Sending email alert via nodemailer...
Alert email sent successfully. Message ID: <b9e0367d-2d8c-24ac-a76f-9e602e8f5b52@gmail.com>
=== Sync completed at Wed Aug  5 17:48:28 IST 2026 ===
=== Sync started at Thu Aug  6 09:14:26 IST 2026 ===
Checking internet connection...
Internet connected! Letting connection stabilize for 10s...
Connecting to IMAP mail server at imap.gmail.com:993... (Attempt 1/3)
Successfully locked INBOX. Searching for matching Tender247 emails...
Found 0 matching unread email message(s).
No new tender emails to process.
Logged out of IMAP mail server.
--- TenderPocket Alert Engine Started ---
Using SMTP Config: Host=smtp.gmail.com, Port=465, Secure=true, User=anuthibhansali@gmail.com
Alert Recipient (Manager Email): anuthibhansali@gmail.com
Today's IST Date: 2026-08-06
Analyzed 440 active tenders.
- SLA Alerts (T+3): 10
- Due Alerts (T2-3 / T2) for Issued Tenders: 2
- Due Alerts (T2-3 / T2) for Ready to File Tenders: 0
Sending email alert via nodemailer...
Alert email sent successfully. Message ID: <ba49e295-29bb-9277-cf13-5bbb7658434f@gmail.com>
=== Sync completed at Thu Aug  6 09:42:20 IST 2026 ===
=== Sync started at Thu Aug  6 17:00:01 IST 2026 ===
Checking internet connection...
Internet connected! Letting connection stabilize for 10s...
Connecting to IMAP mail server at imap.gmail.com:993... (Attempt 1/3)
Successfully locked INBOX. Searching for matching Tender247 emails...
Found 0 matching unread email message(s).
No new tender emails to process.
Logged out of IMAP mail server.
--- TenderPocket Alert Engine Started ---
Using SMTP Config: Host=smtp.gmail.com, Port=465, Secure=true, User=anuthibhansali@gmail.com
Alert Recipient (Manager Email): anuthibhansali@gmail.com
Today's IST Date: 2026-08-06
Analyzed 473 active tenders.
- SLA Alerts (T+3): 10
- Due Alerts (T2-3 / T2) for Issued Tenders: 2
- Due Alerts (T2-3 / T2) for Ready to File Tenders: 0
Sending email alert via nodemailer...
Alert email sent successfully. Message ID: <868a10a6-5181-3982-ad15-a378691769a1@gmail.com>
=== Sync completed at Thu Aug  6 17:00:22 IST 2026 ===
=== Sync started at Fri Aug  7 09:08:09 IST 2026 ===
Checking internet connection...
Internet connected! Letting connection stabilize for 10s...
Connecting to IMAP mail server at imap.gmail.com:993... (Attempt 1/3)
node:events:487
      throw er; // Unhandled 'error' event
      ^

Error: read ETIMEDOUT
    at TLSWrap.onStreamRead (node:internal/stream_base_commons:216:20)
Emitted 'error' event on ImapFlow instance at:
    at ImapFlow.emitError (/Users/anuthibhansali/.gemini/antigravity/scratch/tender-pocket/node_modules/imapflow/lib/imap-flow.js:408:14)
    at TLSSocket.<anonymous> (/Users/anuthibhansali/.gemini/antigravity/scratch/tender-pocket/node_modules/imapflow/lib/imap-flow.js:859:22)
    at Object.onceWrapper (node:events:631:26)
    at TLSSocket.emit (node:events:521:24)
    at emitErrorNT (node:internal/streams/destroy:170:8)
    at emitErrorCloseNT (node:internal/streams/destroy:129:3)
    at process.processTicksAndRejections (node:internal/process/task_queues:90:21) {
  errno: -60,
  code: 'ETIMEDOUT',
  syscall: 'read',
  _connId: '17z4p8cfgddduee7u0d2'
}

Node.js v24.15.0
--- TenderPocket Alert Engine Started ---
Using SMTP Config: Host=smtp.gmail.com, Port=465, Secure=true, User=anuthibhansali@gmail.com
Alert Recipient (Manager Email): anuthibhansali@gmail.com
Today's IST Date: 2026-08-07
Analyzed 484 active tenders.
- SLA Alerts (T+3): 101
- Due Alerts (T2-3 / T2) for Issued Tenders: 9
- Due Alerts (T2-3 / T2) for Ready to File Tenders: 0
Sending email alert via nodemailer...
[Network Retry] Email sending failed: getaddrinfo ENOTFOUND smtp.gmail.com. Retrying in 10s (attempt 1/3)...
[Network Retry] Email sending failed: getaddrinfo ENOTFOUND smtp.gmail.com. Retrying in 10s (attempt 2/3)...
Failed to send email alert after all retries: Error: getaddrinfo ENOTFOUND smtp.gmail.com
    at GetAddrInfoReqWrap.onlookupall [as oncomplete] (node:dns:122:26) {
  errno: -3008,
  code: 'EDNS',
  syscall: 'getaddrinfo',
  hostname: 'smtp.gmail.com',
  command: 'CONN'
}
=== Sync completed at Fri Aug  7 09:45:23 IST 2026 ===
=== Sync started at Fri Aug  7 17:00:25 IST 2026 ===
Checking internet connection...
Internet connected! Letting connection stabilize for 10s...
Connecting to IMAP mail server at imap.gmail.com:993... (Attempt 1/3)
Successfully locked INBOX. Searching for matching Tender247 emails...
Found 0 matching unread email message(s).
No new tender emails to process.
Logged out of IMAP mail server.
--- TenderPocket Alert Engine Started ---
Using SMTP Config: Host=smtp.gmail.com, Port=465, Secure=true, User=anuthibhansali@gmail.com
Alert Recipient (Manager Email): anuthibhansali@gmail.com
Today's IST Date: 2026-08-07
Analyzed 512 active tenders.
- SLA Alerts (T+3): 101
- Due Alerts (T2-3 / T2) for Issued Tenders: 10
- Due Alerts (T2-3 / T2) for Ready to File Tenders: 0
Sending email alert via nodemailer...
[Network Retry] Email sending failed: Timeout. Retrying in 10s (attempt 1/3)...
Alert email sent successfully. Message ID: <9b99d807-5e8f-f68b-0059-0b44139b52f1@gmail.com>
=== Sync completed at Fri Aug  7 17:43:55 IST 2026 ===
=== Sync started at Sat Aug  8 09:14:18 IST 2026 ===
Checking internet connection...
Internet connected! Letting connection stabilize for 10s...
Connecting to IMAP mail server at imap.gmail.com:993... (Attempt 1/3)
node:events:487
      throw er; // Unhandled 'error' event
      ^

Error: read ECONNRESET
    at TLSWrap.onStreamRead (node:internal/stream_base_commons:216:20)
Emitted 'error' event on ImapFlow instance at:
    at ImapFlow.emitError (/Users/anuthibhansali/.gemini/antigravity/scratch/tender-pocket/node_modules/imapflow/lib/imap-flow.js:408:14)
    at TLSSocket.<anonymous> (/Users/anuthibhansali/.gemini/antigravity/scratch/tender-pocket/node_modules/imapflow/lib/imap-flow.js:859:22)
    at Object.onceWrapper (node:events:631:26)
    at TLSSocket.emit (node:events:509:28)
    at emitErrorNT (node:internal/streams/destroy:170:8)
    at emitErrorCloseNT (node:internal/streams/destroy:129:3)
    at process.processTicksAndRejections (node:internal/process/task_queues:90:21) {
  errno: -54,
  code: 'ECONNRESET',
  syscall: 'read',
  _connId: 'lcrm0f79pifd8urvzvn2'
}

Node.js v24.15.0
--- TenderPocket Alert Engine Started ---
Using SMTP Config: Host=smtp.gmail.com, Port=465, Secure=true, User=anuthibhansali@gmail.com
Alert Recipient (Manager Email): anuthibhansali@gmail.com
Today's IST Date: 2026-08-08
Analyzed 535 active tenders.
- SLA Alerts (T+3): 67
- Due Alerts (T2-3 / T2) for Issued Tenders: 7
- Due Alerts (T2-3 / T2) for Ready to File Tenders: 0
Sending email alert via nodemailer...
Alert email sent successfully. Message ID: <005b5745-a7db-0114-e634-f5e1cfe2d971@gmail.com>
=== Sync completed at Sat Aug  8 09:59:25 IST 2026 ===
=== Sync started at Sat Aug  8 17:00:01 IST 2026 ===
Checking internet connection...
Internet connected! Letting connection stabilize for 10s...
Connecting to IMAP mail server at imap.gmail.com:993... (Attempt 1/3)
Successfully locked INBOX. Searching for matching Tender247 emails...
Found 0 matching unread email message(s).
No new tender emails to process.
Logged out of IMAP mail server.
--- TenderPocket Alert Engine Started ---
Using SMTP Config: Host=smtp.gmail.com, Port=465, Secure=true, User=anuthibhansali@gmail.com
Alert Recipient (Manager Email): anuthibhansali@gmail.com
Today's IST Date: 2026-08-08
Analyzed 559 active tenders.
- SLA Alerts (T+3): 67
- Due Alerts (T2-3 / T2) for Issued Tenders: 9
- Due Alerts (T2-3 / T2) for Ready to File Tenders: 0
Sending email alert via nodemailer...
Alert email sent successfully. Message ID: <30f24b4b-613e-9f4c-2dc2-73cd4c6338e9@gmail.com>
=== Sync completed at Sat Aug  8 17:00:22 IST 2026 ===
=== Sync started at Sun Aug  9 09:04:48 IST 2026 ===
Checking internet connection...
Internet connected! Letting connection stabilize for 10s...
Connecting to IMAP mail server at imap.gmail.com:993... (Attempt 1/3)
Successfully locked INBOX. Searching for matching Tender247 emails...
Found 0 matching unread email message(s).
No new tender emails to process.
Logged out of IMAP mail server.
--- TenderPocket Alert Engine Started ---
Using SMTP Config: Host=smtp.gmail.com, Port=465, Secure=true, User=anuthibhansali@gmail.com
Alert Recipient (Manager Email): anuthibhansali@gmail.com
Today's IST Date: 2026-08-09
Analyzed 572 active tenders.
- SLA Alerts (T+3): 43
- Due Alerts (T2-3 / T2) for Issued Tenders: 0
- Due Alerts (T2-3 / T2) for Ready to File Tenders: 0
Sending email alert via nodemailer...
Alert email sent successfully. Message ID: <b90405ee-264c-efa5-6197-5555f716dcaa@gmail.com>
=== Sync completed at Sun Aug  9 09:17:08 IST 2026 ===
=== Sync started at Sun Aug  9 17:00:01 IST 2026 ===
Checking internet connection...
Internet connected! Letting connection stabilize for 10s...
Connecting to IMAP mail server at imap.gmail.com:993... (Attempt 1/3)
Successfully locked INBOX. Searching for matching Tender247 emails...
Found 0 matching unread email message(s).
No new tender emails to process.
Logged out of IMAP mail server.
--- TenderPocket Alert Engine Started ---
Using SMTP Config: Host=smtp.gmail.com, Port=465, Secure=true, User=anuthibhansali@gmail.com
Alert Recipient (Manager Email): anuthibhansali@gmail.com
Today's IST Date: 2026-08-09
Analyzed 586 active tenders.
- SLA Alerts (T+3): 43
- Due Alerts (T2-3 / T2) for Issued Tenders: 0
- Due Alerts (T2-3 / T2) for Ready to File Tenders: 0
Sending email alert via nodemailer...
Alert email sent successfully. Message ID: <13208bec-8976-4104-224a-17adf63cc209@gmail.com>
=== Sync completed at Sun Aug  9 17:00:20 IST 2026 ===
=== Sync started at Mon Aug 10 09:06:41 IST 2026 ===
Checking internet connection...
Internet connected! Letting connection stabilize for 10s...
Connecting to IMAP mail server at imap.gmail.com:993... (Attempt 1/3)
Successfully locked INBOX. Searching for matching Tender247 emails...
Found 0 matching unread email message(s).
No new tender emails to process.
Logged out of IMAP mail server.
--- TenderPocket Alert Engine Started ---
Using SMTP Config: Host=smtp.gmail.com, Port=465, Secure=true, User=anuthibhansali@gmail.com
Alert Recipient (Manager Email): anuthibhansali@gmail.com
Today's IST Date: 2026-08-10
Analyzed 587 active tenders.
- SLA Alerts (T+3): 50
- Due Alerts (T2-3 / T2) for Issued Tenders: 11
- Due Alerts (T2-3 / T2) for Ready to File Tenders: 0
Sending email alert via nodemailer...
Alert email sent successfully. Message ID: <ee54eeba-d179-68b6-b7b8-f1009d48a5fc@gmail.com>
=== Sync completed at Mon Aug 10 09:13:45 IST 2026 ===
=== Sync started at Mon Aug 10 17:12:50 IST 2026 ===
Checking internet connection...
Internet connected! Letting connection stabilize for 10s...
Connecting to IMAP mail server at imap.gmail.com:993... (Attempt 1/3)
node:events:487
      throw er; // Unhandled 'error' event
      ^

Error: read ECONNRESET
    at TLSWrap.onStreamRead (node:internal/stream_base_commons:216:20)
Emitted 'error' event on ImapFlow instance at:
    at ImapFlow.emitError (/Users/anuthibhansali/.gemini/antigravity/scratch/tender-pocket/node_modules/imapflow/lib/imap-flow.js:408:14)
    at TLSSocket.<anonymous> (/Users/anuthibhansali/.gemini/antigravity/scratch/tender-pocket/node_modules/imapflow/lib/imap-flow.js:859:22)
    at Object.onceWrapper (node:events:631:26)
    at TLSSocket.emit (node:events:509:28)
    at emitErrorNT (node:internal/streams/destroy:170:8)
    at emitErrorCloseNT (node:internal/streams/destroy:129:3)
    at process.processTicksAndRejections (node:internal/process/task_queues:90:21) {
  errno: -54,
  code: 'ECONNRESET',
  syscall: 'read',
  _connId: '12xtt0f6bnmvmnkr43c4'
}

Node.js v24.15.0
--- TenderPocket Alert Engine Started ---
Using SMTP Config: Host=smtp.gmail.com, Port=465, Secure=true, User=anuthibhansali@gmail.com
Alert Recipient (Manager Email): anuthibhansali@gmail.com
Today's IST Date: 2026-08-10
Analyzed 594 active tenders.
- SLA Alerts (T+3): 50
- Due Alerts (T2-3 / T2) for Issued Tenders: 12
- Due Alerts (T2-3 / T2) for Ready to File Tenders: 0
Sending email alert via nodemailer...
Alert email sent successfully. Message ID: <3f490bf9-e227-93d1-5144-aff73587556d@gmail.com>
=== Sync completed at Mon Aug 10 17:49:03 IST 2026 ===
=== Sync started at Tue Aug 11 09:14:51 IST 2026 ===
Checking internet connection...
Internet connected! Letting connection stabilize for 10s...
Connecting to IMAP mail server at imap.gmail.com:993... (Attempt 1/3)
Successfully locked INBOX. Searching for matching Tender247 emails...
Found 0 matching unread email message(s).
No new tender emails to process.
Logged out of IMAP mail server.
--- TenderPocket Alert Engine Started ---
Using SMTP Config: Host=smtp.gmail.com, Port=465, Secure=true, User=anuthibhansali@gmail.com
Alert Recipient (Manager Email): anuthibhansali@gmail.com
Today's IST Date: 2026-08-11
Analyzed 601 active tenders.
- SLA Alerts (T+3): 40
- Due Alerts (T2-3 / T2) for Issued Tenders: 13
- Due Alerts (T2-3 / T2) for Ready to File Tenders: 0
Sending email alert via nodemailer...
Alert email sent successfully. Message ID: <ddb7fe43-b693-22b9-41f0-68a71b2b67b6@gmail.com>
=== Sync completed at Tue Aug 11 09:24:47 IST 2026 ===
=== Sync started at Tue Aug 11 17:15:08 IST 2026 ===
Checking internet connection...
Internet connected! Letting connection stabilize for 10s...
Connecting to IMAP mail server at imap.gmail.com:993... (Attempt 1/3)
Successfully locked INBOX. Searching for matching Tender247 emails...
Found 0 matching unread email message(s).
No new tender emails to process.
Logged out of IMAP mail server.
--- TenderPocket Alert Engine Started ---
Using SMTP Config: Host=smtp.gmail.com, Port=465, Secure=true, User=anuthibhansali@gmail.com
Alert Recipient (Manager Email): anuthibhansali@gmail.com
Today's IST Date: 2026-08-11
Analyzed 611 active tenders.
- SLA Alerts (T+3): 40
- Due Alerts (T2-3 / T2) for Issued Tenders: 14
- Due Alerts (T2-3 / T2) for Ready to File Tenders: 0
Sending email alert via nodemailer...
Alert email sent successfully. Message ID: <448ce653-c3fd-c8cf-2d08-690834f91d6d@gmail.com>
=== Sync completed at Tue Aug 11 17:32:48 IST 2026 ===
=== Sync started at Wed Aug 12 09:08:15 IST 2026 ===
Checking internet connection...
Internet connected! Letting connection stabilize for 10s...
Connecting to IMAP mail server at imap.gmail.com:993... (Attempt 1/3)
Successfully locked INBOX. Searching for matching Tender247 emails...
Found 0 matching unread email message(s).
No new tender emails to process.
Logged out of IMAP mail server.
--- TenderPocket Alert Engine Started ---
Using SMTP Config: Host=smtp.gmail.com, Port=465, Secure=true, User=anuthibhansali@gmail.com
Alert Recipient (Manager Email): anuthibhansali@gmail.com
Today's IST Date: 2026-08-12
Analyzed 663 active tenders.
- SLA Alerts (T+3): 15
- Due Alerts (T2-3 / T2) for Issued Tenders: 0
- Due Alerts (T2-3 / T2) for Ready to File Tenders: 0
Sending email alert via nodemailer...
Alert email sent successfully. Message ID: <661a315a-7d27-b6a0-b7ba-765b8eea68c7@gmail.com>
=== Sync completed at Wed Aug 12 09:12:29 IST 2026 ===
=== Sync started at Wed Aug 12 17:01:20 IST 2026 ===
Checking internet connection...
Internet connected! Letting connection stabilize for 10s...
Connecting to IMAP mail server at imap.gmail.com:993... (Attempt 1/3)
Successfully locked INBOX. Searching for matching Tender247 emails...
Found 0 matching unread email message(s).
No new tender emails to process.
Logged out of IMAP mail server.
--- TenderPocket Alert Engine Started ---
Using SMTP Config: Host=smtp.gmail.com, Port=465, Secure=true, User=anuthibhansali@gmail.com
Alert Recipient (Manager Email): anuthibhansali@gmail.com
Today's IST Date: 2026-08-12
Analyzed 678 active tenders.
- SLA Alerts (T+3): 15
- Due Alerts (T2-3 / T2) for Issued Tenders: 0
- Due Alerts (T2-3 / T2) for Ready to File Tenders: 0
Sending email alert via nodemailer...
Alert email sent successfully. Message ID: <605150fd-3332-a3b3-d811-495b8fef6ba6@gmail.com>
=== Sync completed at Wed Aug 12 17:12:22 IST 2026 ===
=== Sync started at Thu Aug 13 09:07:52 IST 2026 ===
Checking internet connection...
Internet connected! Letting connection stabilize for 10s...
Connecting to IMAP mail server at imap.gmail.com:993... (Attempt 1/3)
Successfully locked INBOX. Searching for matching Tender247 emails...
Found 0 matching unread email message(s).
No new tender emails to process.
Logged out of IMAP mail server.
--- TenderPocket Alert Engine Started ---
Using SMTP Config: Host=smtp.gmail.com, Port=465, Secure=true, User=anuthibhansali@gmail.com
Alert Recipient (Manager Email): anuthibhansali@gmail.com
Today's IST Date: 2026-08-13
Analyzed 697 active tenders.
- SLA Alerts (T+3): 12
- Due Alerts (T2-3 / T2) for Issued Tenders: 4
- Due Alerts (T2-3 / T2) for Ready to File Tenders: 0
Sending email alert via nodemailer...
Alert email sent successfully. Message ID: <26e00cce-4e71-7018-326a-ceff1bbc3810@gmail.com>
=== Sync completed at Thu Aug 13 09:20:20 IST 2026 ===
=== Sync started at Thu Aug 13 17:08:55 IST 2026 ===
Checking internet connection...
Waiting for internet connection (attempt 1/30)...
Waiting for internet connection (attempt 2/30)...
Waiting for internet connection (attempt 3/30)...
Waiting for internet connection (attempt 4/30)...
Waiting for internet connection (attempt 5/30)...
Waiting for internet connection (attempt 6/30)...
Waiting for internet connection (attempt 7/30)...
Waiting for internet connection (attempt 8/30)...
Waiting for internet connection (attempt 9/30)...
Waiting for internet connection (attempt 10/30)...
Waiting for internet connection (attempt 11/30)...
Waiting for internet connection (attempt 12/30)...
Waiting for internet connection (attempt 13/30)...
Waiting for internet connection (attempt 14/30)...
Waiting for internet connection (attempt 15/30)...
Waiting for internet connection (attempt 16/30)...
Waiting for internet connection (attempt 17/30)...
Waiting for internet connection (attempt 18/30)...
Waiting for internet connection (attempt 19/30)...
Waiting for internet connection (attempt 20/30)...
Waiting for internet connection (attempt 21/30)...
Waiting for internet connection (attempt 22/30)...
Waiting for internet connection (attempt 23/30)...
Waiting for internet connection (attempt 24/30)...
Waiting for internet connection (attempt 25/30)...
Waiting for internet connection (attempt 26/30)...
Waiting for internet connection (attempt 27/30)...
Waiting for internet connection (attempt 28/30)...
Waiting for internet connection (attempt 29/30)...
Waiting for internet connection (attempt 30/30)...
Connecting to IMAP mail server at imap.gmail.com:993... (Attempt 1/3)
[Network Retry] IMAP connection failed: getaddrinfo ENOTFOUND imap.gmail.com. Retrying in 10s...
Connecting to IMAP mail server at imap.gmail.com:993... (Attempt 2/3)
[Network Retry] IMAP connection failed: Can not re-use ImapFlow instance. Retrying in 10s...
Connecting to IMAP mail server at imap.gmail.com:993... (Attempt 3/3)
An error occurred during IMAP connection setup: Error: Can not re-use ImapFlow instance
    at ImapFlow.connect (/Users/anuthibhansali/.gemini/antigravity/scratch/tender-pocket/node_modules/imapflow/lib/imap-flow.js:1610:19)
    at run (/Users/anuthibhansali/.gemini/antigravity/scratch/tender-pocket/scripts/sync-emails.js:36:20)
Error: Can not re-use ImapFlow instance
    at ImapFlow.connect (/Users/anuthibhansali/.gemini/antigravity/scratch/tender-pocket/node_modules/imapflow/lib/imap-flow.js:1610:19)
    at run (/Users/anuthibhansali/.gemini/antigravity/scratch/tender-pocket/scripts/sync-emails.js:36:20)
--- TenderPocket Alert Engine Started ---
Using SMTP Config: Host=smtp.gmail.com, Port=465, Secure=true, User=anuthibhansali@gmail.com
Alert Recipient (Manager Email): anuthibhansali@gmail.com
Today's IST Date: 2026-08-13
Analyzed 702 active tenders.
- SLA Alerts (T+3): 12
- Due Alerts (T2-3 / T2) for Issued Tenders: 4
- Due Alerts (T2-3 / T2) for Ready to File Tenders: 0
Sending email alert via nodemailer...
[Network Retry] Email sending failed: getaddrinfo ENOTFOUND smtp.gmail.com. Retrying in 10s (attempt 1/3)...
[Network Retry] Email sending failed: getaddrinfo ENOTFOUND smtp.gmail.com. Retrying in 10s (attempt 2/3)...
Failed to send email alert after all retries: Error: getaddrinfo ENOTFOUND smtp.gmail.com
    at GetAddrInfoReqWrap.onlookupall [as oncomplete] (node:dns:122:26) {
  errno: -3008,
  code: 'EDNS',
  syscall: 'getaddrinfo',
  hostname: 'smtp.gmail.com',
  command: 'CONN'
}
=== Sync completed at Thu Aug 13 19:02:56 IST 2026 ===
=== Sync started at Fri Aug 14 09:13:39 IST 2026 ===
Checking internet connection...
Internet connected! Letting connection stabilize for 10s...
Connecting to IMAP mail server at imap.gmail.com:993... (Attempt 1/3)
node:events:487
      throw er; // Unhandled 'error' event
      ^

Error: read ECONNRESET
    at TLSWrap.onStreamRead (node:internal/stream_base_commons:216:20)
Emitted 'error' event on ImapFlow instance at:
    at ImapFlow.emitError (/Users/anuthibhansali/.gemini/antigravity/scratch/tender-pocket/node_modules/imapflow/lib/imap-flow.js:408:14)
    at TLSSocket.<anonymous> (/Users/anuthibhansali/.gemini/antigravity/scratch/tender-pocket/node_modules/imapflow/lib/imap-flow.js:859:22)
    at Object.onceWrapper (node:events:631:26)
    at TLSSocket.emit (node:events:509:28)
    at emitErrorNT (node:internal/streams/destroy:170:8)
    at emitErrorCloseNT (node:internal/streams/destroy:129:3)
    at process.processTicksAndRejections (node:internal/process/task_queues:90:21) {
  errno: -54,
  code: 'ECONNRESET',
  syscall: 'read',
  _connId: '15qn8q2ur3hpj84gcxiq'
}

Node.js v24.15.0
--- TenderPocket Alert Engine Started ---
Using SMTP Config: Host=smtp.gmail.com, Port=465, Secure=true, User=anuthibhansali@gmail.com
Alert Recipient (Manager Email): anuthibhansali@gmail.com
Today's IST Date: 2026-08-14
Analyzed 733 active tenders.
- SLA Alerts (T+3): 64
- Due Alerts (T2-3 / T2) for Issued Tenders: 30
- Due Alerts (T2-3 / T2) for Ready to File Tenders: 0
Sending email alert via nodemailer...
[Network Retry] Email sending failed: Greeting never received. Retrying in 10s (attempt 1/3)...
[Network Retry] Email sending failed: read ECONNRESET. Retrying in 10s (attempt 2/3)...
Failed to send email alert after all retries: Error: Timeout
    at SMTPConnection._onTimeout (/Users/anuthibhansali/.gemini/antigravity/scratch/tender-pocket/node_modules/nodemailer/lib/smtp-connection/index.js:986:30)
    at SMTPConnection._onSocketTimeout (/Users/anuthibhansali/.gemini/antigravity/scratch/tender-pocket/node_modules/nodemailer/lib/smtp-connection/index.js:228:44)
    at TLSSocket.emit (node:events:509:28)
    at Socket._onTimeout (node:net:610:8)
    at listOnTimeout (node:internal/timers:605:17)
    at process.processTimers (node:internal/timers:541:7) {
  code: 'ETIMEDOUT',
  command: 'CONN'
}
=== Sync completed at Fri Aug 14 11:43:09 IST 2026 ===
=== Sync started at Fri Aug 14 17:02:53 IST 2026 ===
Checking internet connection...
Internet connected! Letting connection stabilize for 10s...
Connecting to IMAP mail server at imap.gmail.com:993... (Attempt 1/3)
Successfully locked INBOX. Searching for matching Tender247 emails...
Found 0 matching unread email message(s).
No new tender emails to process.
Logged out of IMAP mail server.
--- TenderPocket Alert Engine Started ---
Using SMTP Config: Host=smtp.gmail.com, Port=465, Secure=true, User=anuthibhansali@gmail.com
Alert Recipient (Manager Email): anuthibhansali@gmail.com
Today's IST Date: 2026-08-14
Analyzed 736 active tenders.
- SLA Alerts (T+3): 64
- Due Alerts (T2-3 / T2) for Issued Tenders: 31
- Due Alerts (T2-3 / T2) for Ready to File Tenders: 0
Sending email alert via nodemailer...
Alert email sent successfully. Message ID: <d8c3d9e7-5ba6-714f-94a4-a4579f0bec5a@gmail.com>
=== Sync completed at Fri Aug 14 17:03:41 IST 2026 ===
=== Sync started at Sat Aug 15 09:16:40 IST 2026 ===
Checking internet connection...
Internet connected! Letting connection stabilize for 10s...
Connecting to IMAP mail server at imap.gmail.com:993... (Attempt 1/3)
Successfully locked INBOX. Searching for matching Tender247 emails...
Found 0 matching unread email message(s).
No new tender emails to process.
Logged out of IMAP mail server.
--- TenderPocket Alert Engine Started ---
Using SMTP Config: Host=smtp.gmail.com, Port=465, Secure=true, User=anuthibhansali@gmail.com
Alert Recipient (Manager Email): anuthibhansali@gmail.com
Today's IST Date: 2026-08-15
Analyzed 766 active tenders.
- SLA Alerts (T+3): 28
- Due Alerts (T2-3 / T2) for Issued Tenders: 3
- Due Alerts (T2-3 / T2) for Ready to File Tenders: 0
Sending email alert via nodemailer...
Alert email sent successfully. Message ID: <5896887a-6060-fdc3-af35-e679ebd805fb@gmail.com>
=== Sync completed at Sat Aug 15 09:25:30 IST 2026 ===
=== Sync started at Sat Aug 15 17:05:07 IST 2026 ===
Checking internet connection...
Internet connected! Letting connection stabilize for 10s...
Connecting to IMAP mail server at imap.gmail.com:993... (Attempt 1/3)
Successfully locked INBOX. Searching for matching Tender247 emails...
Found 0 matching unread email message(s).
No new tender emails to process.
Logged out of IMAP mail server.
--- TenderPocket Alert Engine Started ---
Using SMTP Config: Host=smtp.gmail.com, Port=465, Secure=true, User=anuthibhansali@gmail.com
Alert Recipient (Manager Email): anuthibhansali@gmail.com
Today's IST Date: 2026-08-15
Analyzed 775 active tenders.
- SLA Alerts (T+3): 28
- Due Alerts (T2-3 / T2) for Issued Tenders: 3
- Due Alerts (T2-3 / T2) for Ready to File Tenders: 0
Sending email alert via nodemailer...
Alert email sent successfully. Message ID: <c23ca803-c4ad-1784-d368-dd1f9c706195@gmail.com>
=== Sync completed at Sat Aug 15 17:33:22 IST 2026 ===
=== Sync started at Sun Aug 16 09:11:45 IST 2026 ===
Checking internet connection...
Internet connected! Letting connection stabilize for 10s...
Connecting to IMAP mail server at imap.gmail.com:993... (Attempt 1/3)
Successfully locked INBOX. Searching for matching Tender247 emails...
Found 0 matching unread email message(s).
No new tender emails to process.
Logged out of IMAP mail server.
--- TenderPocket Alert Engine Started ---
Using SMTP Config: Host=smtp.gmail.com, Port=465, Secure=true, User=anuthibhansali@gmail.com
Alert Recipient (Manager Email): anuthibhansali@gmail.com
Today's IST Date: 2026-08-16
Analyzed 792 active tenders.
- SLA Alerts (T+3): 42
- Due Alerts (T2-3 / T2) for Issued Tenders: 1
- Due Alerts (T2-3 / T2) for Ready to File Tenders: 0
Sending email alert via nodemailer...
Alert email sent successfully. Message ID: <6833d0be-d3f2-bb88-cf6a-0e8355cc576a@gmail.com>
=== Sync completed at Sun Aug 16 09:34:12 IST 2026 ===
=== Sync started at Sun Aug 16 17:16:46 IST 2026 ===
Checking internet connection...
Internet connected! Letting connection stabilize for 10s...
Connecting to IMAP mail server at imap.gmail.com:993... (Attempt 1/3)
node:events:487
      throw er; // Unhandled 'error' event
      ^

Error: read ECONNRESET
    at TLSWrap.onStreamRead (node:internal/stream_base_commons:216:20)
Emitted 'error' event on ImapFlow instance at:
    at ImapFlow.emitError (/Users/anuthibhansali/.gemini/antigravity/scratch/tender-pocket/node_modules/imapflow/lib/imap-flow.js:408:14)
    at TLSSocket.<anonymous> (/Users/anuthibhansali/.gemini/antigravity/scratch/tender-pocket/node_modules/imapflow/lib/imap-flow.js:859:22)
    at Object.onceWrapper (node:events:631:26)
    at TLSSocket.emit (node:events:521:24)
    at emitErrorNT (node:internal/streams/destroy:170:8)
    at emitErrorCloseNT (node:internal/streams/destroy:129:3)
    at process.processTicksAndRejections (node:internal/process/task_queues:90:21) {
  errno: -54,
  code: 'ECONNRESET',
  syscall: 'read',
  _connId: '1bn87f4chzzkqmqb68yj'
}

Node.js v24.15.0
--- TenderPocket Alert Engine Started ---
Using SMTP Config: Host=smtp.gmail.com, Port=465, Secure=true, User=anuthibhansali@gmail.com
Alert Recipient (Manager Email): anuthibhansali@gmail.com
Today's IST Date: 2026-08-16
Analyzed 795 active tenders.
- SLA Alerts (T+3): 42
- Due Alerts (T2-3 / T2) for Issued Tenders: 1
- Due Alerts (T2-3 / T2) for Ready to File Tenders: 0
Sending email alert via nodemailer...
Alert email sent successfully. Message ID: <9ed5d84c-f03f-eb5b-1ccb-7a5c7d745e02@gmail.com>
=== Sync completed at Sun Aug 16 17:54:12 IST 2026 ===
=== Sync started at Mon Aug 17 09:02:04 IST 2026 ===
Checking internet connection...
Internet connected! Letting connection stabilize for 10s...
Connecting to IMAP mail server at imap.gmail.com:993... (Attempt 1/3)
node:events:487
      throw er; // Unhandled 'error' event
      ^

Error: Socket timeout
    at TLSSocket.<anonymous> (/Users/anuthibhansali/.gemini/antigravity/scratch/tender-pocket/node_modules/imapflow/lib/imap-flow.js:875:29)
    at TLSSocket.emit (node:events:509:28)
    at Socket._onTimeout (node:net:610:8)
    at listOnTimeout (node:internal/timers:605:17)
    at process.processTimers (node:internal/timers:541:7)
Emitted 'error' event on ImapFlow instance at:
    at ImapFlow.emitError (/Users/anuthibhansali/.gemini/antigravity/scratch/tender-pocket/node_modules/imapflow/lib/imap-flow.js:408:14)
    at TLSSocket.<anonymous> (/Users/anuthibhansali/.gemini/antigravity/scratch/tender-pocket/node_modules/imapflow/lib/imap-flow.js:895:26)
    at TLSSocket.emit (node:events:509:28)
    at Socket._onTimeout (node:net:610:8)
    at listOnTimeout (node:internal/timers:605:17)
    at process.processTimers (node:internal/timers:541:7) {
  code: 'ETIMEOUT',
  _connId: 'q2w9a9omsy8kgmnans14'
}

Node.js v24.15.0
--- TenderPocket Alert Engine Started ---
Using SMTP Config: Host=smtp.gmail.com, Port=465, Secure=true, User=anuthibhansali@gmail.com
Alert Recipient (Manager Email): anuthibhansali@gmail.com
Today's IST Date: 2026-08-17
Analyzed 797 active tenders.
- SLA Alerts (T+3): 31
- Due Alerts (T2-3 / T2) for Issued Tenders: 36
- Due Alerts (T2-3 / T2) for Ready to File Tenders: 0
Sending email alert via nodemailer...
Alert email sent successfully. Message ID: <003a7aa0-cb46-adef-92c3-e216392e98a8@gmail.com>
=== Sync completed at Mon Aug 17 09:47:22 IST 2026 ===
=== Sync started at Mon Aug 17 17:11:29 IST 2026 ===
Checking internet connection...
Internet connected! Letting connection stabilize for 10s...
Connecting to IMAP mail server at imap.gmail.com:993... (Attempt 1/3)
node:events:487
      throw er; // Unhandled 'error' event
      ^

Error: read ECONNRESET
    at TLSWrap.onStreamRead (node:internal/stream_base_commons:216:20)
Emitted 'error' event on ImapFlow instance at:
    at ImapFlow.emitError (/Users/anuthibhansali/.gemini/antigravity/scratch/tender-pocket/node_modules/imapflow/lib/imap-flow.js:408:14)
    at TLSSocket.<anonymous> (/Users/anuthibhansali/.gemini/antigravity/scratch/tender-pocket/node_modules/imapflow/lib/imap-flow.js:859:22)
    at Object.onceWrapper (node:events:631:26)
    at TLSSocket.emit (node:events:521:24)
    at emitErrorNT (node:internal/streams/destroy:170:8)
    at emitErrorCloseNT (node:internal/streams/destroy:129:3)
    at process.processTicksAndRejections (node:internal/process/task_queues:90:21) {
  errno: -54,
  code: 'ECONNRESET',
  syscall: 'read',
  _connId: 'itv4y6yq2ys7wadxomf4'
}

Node.js v24.15.0
--- TenderPocket Alert Engine Started ---
Using SMTP Config: Host=smtp.gmail.com, Port=465, Secure=true, User=anuthibhansali@gmail.com
Alert Recipient (Manager Email): anuthibhansali@gmail.com
Today's IST Date: 2026-08-17
Analyzed 801 active tenders.
- SLA Alerts (T+3): 31
- Due Alerts (T2-3 / T2) for Issued Tenders: 36
- Due Alerts (T2-3 / T2) for Ready to File Tenders: 0
Sending email alert via nodemailer...
Alert email sent successfully. Message ID: <7592655e-2cfe-e781-f884-5b82dd59ed0b@gmail.com>
=== Sync completed at Mon Aug 17 17:55:25 IST 2026 ===
=== Sync started at Tue Aug 18 09:01:02 IST 2026 ===
Checking internet connection...
Internet connected! Letting connection stabilize for 10s...
Connecting to IMAP mail server at imap.gmail.com:993... (Attempt 1/3)
Successfully locked INBOX. Searching for matching Tender247 emails...
Found 0 matching unread email message(s).
No new tender emails to process.
Logged out of IMAP mail server.
--- TenderPocket Alert Engine Started ---
Using SMTP Config: Host=smtp.gmail.com, Port=465, Secure=true, User=anuthibhansali@gmail.com
Alert Recipient (Manager Email): anuthibhansali@gmail.com
Today's IST Date: 2026-08-18
Analyzed 817 active tenders.
- SLA Alerts (T+3): 28
- Due Alerts (T2-3 / T2) for Issued Tenders: 7
- Due Alerts (T2-3 / T2) for Ready to File Tenders: 0
Sending email alert via nodemailer...
Alert email sent successfully. Message ID: <56f70dd6-fa63-9737-b261-8d634e17b32e@gmail.com>
=== Sync completed at Tue Aug 18 09:29:07 IST 2026 ===
=== Sync started at Tue Aug 18 17:10:35 IST 2026 ===
Checking internet connection...
Internet connected! Letting connection stabilize for 10s...
Connecting to IMAP mail server at imap.gmail.com:993... (Attempt 1/3)
Successfully locked INBOX. Searching for matching Tender247 emails...
Found 0 matching unread email message(s).
No new tender emails to process.
Logged out of IMAP mail server.
--- TenderPocket Alert Engine Started ---
Using SMTP Config: Host=smtp.gmail.com, Port=465, Secure=true, User=anuthibhansali@gmail.com
Alert Recipient (Manager Email): anuthibhansali@gmail.com
Today's IST Date: 2026-08-18
Analyzed 826 active tenders.
- SLA Alerts (T+3): 28
- Due Alerts (T2-3 / T2) for Issued Tenders: 7
- Due Alerts (T2-3 / T2) for Ready to File Tenders: 0
Sending email alert via nodemailer...
Alert email sent successfully. Message ID: <9e92d4e5-db07-c6d2-56d0-340b8f0864d3@gmail.com>
=== Sync completed at Tue Aug 18 17:36:42 IST 2026 ===
=== Sync started at Wed Aug 19 09:02:15 IST 2026 ===
Checking internet connection...
Internet connected! Letting connection stabilize for 10s...
Connecting to IMAP mail server at imap.gmail.com:993... (Attempt 1/3)
Successfully locked INBOX. Searching for matching Tender247 emails...
Found 0 matching unread email message(s).
No new tender emails to process.
Logged out of IMAP mail server.
--- TenderPocket Alert Engine Started ---
Using SMTP Config: Host=smtp.gmail.com, Port=465, Secure=true, User=anuthibhansali@gmail.com
Alert Recipient (Manager Email): anuthibhansali@gmail.com
Today's IST Date: 2026-08-19
Analyzed 889 active tenders.
- SLA Alerts (T+3): 5
- Due Alerts (T2-3 / T2) for Issued Tenders: 5
- Due Alerts (T2-3 / T2) for Ready to File Tenders: 0
Sending email alert via nodemailer...
Alert email sent successfully. Message ID: <f39e1b71-2fe1-349e-1bc9-c21f31de0d18@gmail.com>
=== Sync completed at Wed Aug 19 09:28:49 IST 2026 ===
=== Sync started at Wed Aug 19 17:06:36 IST 2026 ===
Checking internet connection...
Internet connected! Letting connection stabilize for 10s...
Connecting to IMAP mail server at imap.gmail.com:993... (Attempt 1/3)
Successfully locked INBOX. Searching for matching Tender247 emails...
Found 0 matching unread email message(s).
No new tender emails to process.
Logged out of IMAP mail server.
--- TenderPocket Alert Engine Started ---
Using SMTP Config: Host=smtp.gmail.com, Port=465, Secure=true, User=anuthibhansali@gmail.com
Alert Recipient (Manager Email): anuthibhansali@gmail.com
Today's IST Date: 2026-08-19
Analyzed 900 active tenders.
- SLA Alerts (T+3): 5
- Due Alerts (T2-3 / T2) for Issued Tenders: 5
- Due Alerts (T2-3 / T2) for Ready to File Tenders: 0
Sending email alert via nodemailer...
Alert email sent successfully. Message ID: <0dac0f01-e74d-89ab-c445-9a52b8db6dcf@gmail.com>
=== Sync completed at Wed Aug 19 17:36:27 IST 2026 ===
=== Sync started at Thu Aug 20 09:04:08 IST 2026 ===
Checking internet connection...
Internet connected! Letting connection stabilize for 10s...
Connecting to IMAP mail server at imap.gmail.com:993... (Attempt 1/3)
node:events:487
      throw er; // Unhandled 'error' event
      ^

Error: Socket timeout
    at TLSSocket.<anonymous> (/Users/anuthibhansali/.gemini/antigravity/scratch/tender-pocket/node_modules/imapflow/lib/imap-flow.js:875:29)
    at TLSSocket.emit (node:events:509:28)
    at Socket._onTimeout (node:net:610:8)
    at listOnTimeout (node:internal/timers:605:17)
    at process.processTimers (node:internal/timers:541:7)
Emitted 'error' event on ImapFlow instance at:
    at ImapFlow.emitError (/Users/anuthibhansali/.gemini/antigravity/scratch/tender-pocket/node_modules/imapflow/lib/imap-flow.js:408:14)
    at TLSSocket.<anonymous> (/Users/anuthibhansali/.gemini/antigravity/scratch/tender-pocket/node_modules/imapflow/lib/imap-flow.js:895:26)
    at TLSSocket.emit (node:events:509:28)
    at Socket._onTimeout (node:net:610:8)
    at listOnTimeout (node:internal/timers:605:17)
    at process.processTimers (node:internal/timers:541:7) {
  code: 'ETIMEOUT',
  _connId: '2983a0panwu68nsbgzr3'
}

Node.js v24.15.0
--- TenderPocket Alert Engine Started ---
Using SMTP Config: Host=smtp.gmail.com, Port=465, Secure=true, User=anuthibhansali@gmail.com
Alert Recipient (Manager Email): anuthibhansali@gmail.com
Today's IST Date: 2026-08-20
Analyzed 932 active tenders.
- SLA Alerts (T+3): 19
- Due Alerts (T2-3 / T2) for Issued Tenders: 11
- Due Alerts (T2-3 / T2) for Ready to File Tenders: 0
Sending email alert via nodemailer...
[Network Retry] Email sending failed: Timeout. Retrying in 10s (attempt 1/3)...
Alert email sent successfully. Message ID: <493d6b08-82f7-e30e-998d-080fa514dde8@gmail.com>
=== Sync completed at Thu Aug 20 10:32:34 IST 2026 ===
=== Sync started at Thu Aug 20 17:15:05 IST 2026 ===
Checking internet connection...
Internet connected! Letting connection stabilize for 10s...
Connecting to IMAP mail server at imap.gmail.com:993... (Attempt 1/3)
node:events:487
      throw er; // Unhandled 'error' event
      ^

Error: Socket timeout
    at TLSSocket.<anonymous> (/Users/anuthibhansali/.gemini/antigravity/scratch/tender-pocket/node_modules/imapflow/lib/imap-flow.js:875:29)
    at TLSSocket.emit (node:events:509:28)
    at Socket._onTimeout (node:net:610:8)
    at listOnTimeout (node:internal/timers:605:17)
    at process.processTimers (node:internal/timers:541:7)
Emitted 'error' event on ImapFlow instance at:
    at ImapFlow.emitError (/Users/anuthibhansali/.gemini/antigravity/scratch/tender-pocket/node_modules/imapflow/lib/imap-flow.js:408:14)
    at TLSSocket.<anonymous> (/Users/anuthibhansali/.gemini/antigravity/scratch/tender-pocket/node_modules/imapflow/lib/imap-flow.js:895:26)
    at TLSSocket.emit (node:events:509:28)
    at Socket._onTimeout (node:net:610:8)
    at listOnTimeout (node:internal/timers:605:17)
    at process.processTimers (node:internal/timers:541:7) {
  code: 'ETIMEOUT',
  _connId: '1f9fzlirygqacj9guv4m'
}

Node.js v24.15.0
--- TenderPocket Alert Engine Started ---
Using SMTP Config: Host=smtp.gmail.com, Port=465, Secure=true, User=anuthibhansali@gmail.com
Alert Recipient (Manager Email): anuthibhansali@gmail.com
Today's IST Date: 2026-08-20
Analyzed 943 active tenders.
- SLA Alerts (T+3): 19
- Due Alerts (T2-3 / T2) for Issued Tenders: 11
- Due Alerts (T2-3 / T2) for Ready to File Tenders: 0
Sending email alert via nodemailer...
Alert email sent successfully. Message ID: <f8796636-7802-ff66-5dae-a431a3e7f870@gmail.com>
=== Sync completed at Thu Aug 20 17:58:00 IST 2026 ===
=== Sync started at Fri Aug 21 09:01:04 IST 2026 ===
Checking internet connection...
Internet connected! Letting connection stabilize for 10s...
Connecting to IMAP mail server at imap.gmail.com:993... (Attempt 1/3)
Successfully locked INBOX. Searching for matching Tender247 emails...
Found 0 matching unread email message(s).
No new tender emails to process.
Logged out of IMAP mail server.
--- TenderPocket Alert Engine Started ---
Using SMTP Config: Host=smtp.gmail.com, Port=465, Secure=true, User=anuthibhansali@gmail.com
Alert Recipient (Manager Email): anuthibhansali@gmail.com
Today's IST Date: 2026-08-21
Analyzed 962 active tenders.
- SLA Alerts (T+3): 71
- Due Alerts (T2-3 / T2) for Issued Tenders: 15
- Due Alerts (T2-3 / T2) for Ready to File Tenders: 0
Sending email alert via nodemailer...
Alert email sent successfully. Message ID: <6c30dd8c-c673-1fed-905f-043cd24d00ce@gmail.com>
=== Sync completed at Fri Aug 21 09:01:42 IST 2026 ===
=== Sync started at Fri Aug 21 17:04:14 IST 2026 ===
Checking internet connection...
Internet connected! Letting connection stabilize for 10s...
Connecting to IMAP mail server at imap.gmail.com:993... (Attempt 1/3)
Successfully locked INBOX. Searching for matching Tender247 emails...
Found 0 matching unread email message(s).
No new tender emails to process.
Logged out of IMAP mail server.
--- TenderPocket Alert Engine Started ---
Using SMTP Config: Host=smtp.gmail.com, Port=465, Secure=true, User=anuthibhansali@gmail.com
Alert Recipient (Manager Email): anuthibhansali@gmail.com
Today's IST Date: 2026-08-21
Analyzed 967 active tenders.
- SLA Alerts (T+3): 71
- Due Alerts (T2-3 / T2) for Issued Tenders: 16
- Due Alerts (T2-3 / T2) for Ready to File Tenders: 0
Sending email alert via nodemailer...
Alert email sent successfully. Message ID: <e2759ed3-d425-5c6e-32ef-aea78986c661@gmail.com>
=== Sync completed at Fri Aug 21 17:04:43 IST 2026 ===
=== Sync started at Sat Aug 22 09:09:26 IST 2026 ===
Checking internet connection...
Internet connected! Letting connection stabilize for 10s...
Connecting to IMAP mail server at imap.gmail.com:993... (Attempt 1/3)
node:events:487
      throw er; // Unhandled 'error' event
      ^

Error: read ECONNRESET
    at TLSWrap.onStreamRead (node:internal/stream_base_commons:216:20)
Emitted 'error' event on ImapFlow instance at:
    at ImapFlow.emitError (/Users/anuthibhansali/.gemini/antigravity/scratch/tender-pocket/node_modules/imapflow/lib/imap-flow.js:408:14)
    at TLSSocket.<anonymous> (/Users/anuthibhansali/.gemini/antigravity/scratch/tender-pocket/node_modules/imapflow/lib/imap-flow.js:859:22)
    at Object.onceWrapper (node:events:631:26)
    at TLSSocket.emit (node:events:509:28)
    at emitErrorNT (node:internal/streams/destroy:170:8)
    at emitErrorCloseNT (node:internal/streams/destroy:129:3)
    at process.processTicksAndRejections (node:internal/process/task_queues:90:21) {
  errno: -54,
  code: 'ECONNRESET',
  syscall: 'read',
  _connId: 'c912x87ce9hpihi194mc'
}

Node.js v24.15.0
--- TenderPocket Alert Engine Started ---
Using SMTP Config: Host=smtp.gmail.com, Port=465, Secure=true, User=anuthibhansali@gmail.com
Alert Recipient (Manager Email): anuthibhansali@gmail.com
Today's IST Date: 2026-08-22
Analyzed 1021 active tenders.
- SLA Alerts (T+3): 45
- Due Alerts (T2-3 / T2) for Issued Tenders: 10
- Due Alerts (T2-3 / T2) for Ready to File Tenders: 0
Sending email alert via nodemailer...
[Network Retry] Email sending failed: Timeout. Retrying in 10s (attempt 1/3)...
Alert email sent successfully. Message ID: <45da8cdd-0839-df01-7960-acbdb6a85719@gmail.com>
=== Sync completed at Sat Aug 22 09:38:55 IST 2026 ===
=== Sync started at Sat Aug 22 17:02:39 IST 2026 ===
Checking internet connection...
Waiting for internet connection (attempt 1/30)...
Waiting for internet connection (attempt 2/30)...
Waiting for internet connection (attempt 3/30)...
Waiting for internet connection (attempt 4/30)...
Waiting for internet connection (attempt 5/30)...
Waiting for internet connection (attempt 6/30)...
Waiting for internet connection (attempt 7/30)...
Waiting for internet connection (attempt 8/30)...
Waiting for internet connection (attempt 9/30)...
Waiting for internet connection (attempt 10/30)...
Waiting for internet connection (attempt 11/30)...
Waiting for internet connection (attempt 12/30)...
Waiting for internet connection (attempt 13/30)...
Waiting for internet connection (attempt 14/30)...
Waiting for internet connection (attempt 15/30)...
Waiting for internet connection (attempt 16/30)...
Waiting for internet connection (attempt 17/30)...
Waiting for internet connection (attempt 18/30)...
Waiting for internet connection (attempt 19/30)...
Waiting for internet connection (attempt 20/30)...
Waiting for internet connection (attempt 21/30)...
Waiting for internet connection (attempt 22/30)...
Waiting for internet connection (attempt 23/30)...
Waiting for internet connection (attempt 24/30)...
Waiting for internet connection (attempt 25/30)...
Waiting for internet connection (attempt 26/30)...
Waiting for internet connection (attempt 27/30)...
Waiting for internet connection (attempt 28/30)...
Waiting for internet connection (attempt 29/30)...
Waiting for internet connection (attempt 30/30)...
Connecting to IMAP mail server at imap.gmail.com:993... (Attempt 1/3)
[Network Retry] IMAP connection failed: getaddrinfo ENOTFOUND imap.gmail.com. Retrying in 10s...
Connecting to IMAP mail server at imap.gmail.com:993... (Attempt 2/3)
[Network Retry] IMAP connection failed: Can not re-use ImapFlow instance. Retrying in 10s...
Connecting to IMAP mail server at imap.gmail.com:993... (Attempt 3/3)
An error occurred during IMAP connection setup: Error: Can not re-use ImapFlow instance
    at ImapFlow.connect (/Users/anuthibhansali/.gemini/antigravity/scratch/tender-pocket/node_modules/imapflow/lib/imap-flow.js:1610:19)
    at run (/Users/anuthibhansali/.gemini/antigravity/scratch/tender-pocket/scripts/sync-emails.js:36:20)
Error: Can not re-use ImapFlow instance
    at ImapFlow.connect (/Users/anuthibhansali/.gemini/antigravity/scratch/tender-pocket/node_modules/imapflow/lib/imap-flow.js:1610:19)
    at run (/Users/anuthibhansali/.gemini/antigravity/scratch/tender-pocket/scripts/sync-emails.js:36:20)
--- TenderPocket Alert Engine Started ---
Using SMTP Config: Host=smtp.gmail.com, Port=465, Secure=true, User=anuthibhansali@gmail.com
Alert Recipient (Manager Email): anuthibhansali@gmail.com
Today's IST Date: 2026-08-22
Analyzed 1032 active tenders.
- SLA Alerts (T+3): 45
- Due Alerts (T2-3 / T2) for Issued Tenders: 10
- Due Alerts (T2-3 / T2) for Ready to File Tenders: 0
Sending email alert via nodemailer...
[Network Retry] Email sending failed: getaddrinfo ENOTFOUND smtp.gmail.com. Retrying in 10s (attempt 1/3)...
[Network Retry] Email sending failed: getaddrinfo ENOTFOUND smtp.gmail.com. Retrying in 10s (attempt 2/3)...
Failed to send email alert after all retries: Error: getaddrinfo ENOTFOUND smtp.gmail.com
    at GetAddrInfoReqWrap.onlookupall [as oncomplete] (node:dns:122:26) {
  errno: -3008,
  code: 'EDNS',
  syscall: 'getaddrinfo',
  hostname: 'smtp.gmail.com',
  command: 'CONN'
}
=== Sync completed at Sat Aug 22 18:15:52 IST 2026 ===
=== Sync started at Sun Aug 23 09:01:43 IST 2026 ===
Checking internet connection...
Internet connected! Letting connection stabilize for 10s...
Connecting to IMAP mail server at imap.gmail.com:993... (Attempt 1/3)
Successfully locked INBOX. Searching for matching Tender247 emails...
Found 0 matching unread email message(s).
No new tender emails to process.
Logged out of IMAP mail server.
--- TenderPocket Alert Engine Started ---
Using SMTP Config: Host=smtp.gmail.com, Port=465, Secure=true, User=anuthibhansali@gmail.com
Alert Recipient (Manager Email): anuthibhansali@gmail.com
Today's IST Date: 2026-08-23
Analyzed 1033 active tenders.
- SLA Alerts (T+3): 23
- Due Alerts (T2-3 / T2) for Issued Tenders: 7
- Due Alerts (T2-3 / T2) for Ready to File Tenders: 0
Sending email alert via nodemailer...
Alert email sent successfully. Message ID: <c48a61ab-39e1-e5f1-7240-7a6f36ba5411@gmail.com>
=== Sync completed at Sun Aug 23 09:02:03 IST 2026 ===
=== Sync started at Sun Aug 23 17:07:43 IST 2026 ===
Checking internet connection...
Waiting for internet connection (attempt 1/30)...
Waiting for internet connection (attempt 2/30)...
Waiting for internet connection (attempt 3/30)...
Waiting for internet connection (attempt 4/30)...
Waiting for internet connection (attempt 5/30)...
Waiting for internet connection (attempt 6/30)...
Waiting for internet connection (attempt 7/30)...
Waiting for internet connection (attempt 8/30)...
Waiting for internet connection (attempt 9/30)...
Waiting for internet connection (attempt 10/30)...
Waiting for internet connection (attempt 11/30)...
Waiting for internet connection (attempt 12/30)...
Waiting for internet connection (attempt 13/30)...
Waiting for internet connection (attempt 14/30)...
Waiting for internet connection (attempt 15/30)...
Waiting for internet connection (attempt 16/30)...
Waiting for internet connection (attempt 17/30)...
Waiting for internet connection (attempt 18/30)...
Waiting for internet connection (attempt 19/30)...
Waiting for internet connection (attempt 20/30)...
Waiting for internet connection (attempt 21/30)...
Waiting for internet connection (attempt 22/30)...
Waiting for internet connection (attempt 23/30)...
Waiting for internet connection (attempt 24/30)...
Internet connected! Letting connection stabilize for 10s...
Connecting to IMAP mail server at imap.gmail.com:993... (Attempt 1/3)
Successfully locked INBOX. Searching for matching Tender247 emails...
Found 0 matching unread email message(s).
No new tender emails to process.
Logged out of IMAP mail server.
--- TenderPocket Alert Engine Started ---
Using SMTP Config: Host=smtp.gmail.com, Port=465, Secure=true, User=anuthibhansali@gmail.com
Alert Recipient (Manager Email): anuthibhansali@gmail.com
Today's IST Date: 2026-08-23
Analyzed 1057 active tenders.
- SLA Alerts (T+3): 23
- Due Alerts (T2-3 / T2) for Issued Tenders: 7
- Due Alerts (T2-3 / T2) for Ready to File Tenders: 0
Sending email alert via nodemailer...
Alert email sent successfully. Message ID: <d4450c0c-e3f4-9d72-2d7e-d8dd3866df60@gmail.com>
=== Sync completed at Sun Aug 23 17:10:25 IST 2026 ===
=== Sync started at Mon Aug 24 09:01:24 IST 2026 ===
Checking internet connection...
Waiting for internet connection (attempt 1/30)...
Waiting for internet connection (attempt 2/30)...
Waiting for internet connection (attempt 3/30)...
Waiting for internet connection (attempt 4/30)...
Waiting for internet connection (attempt 5/30)...
Waiting for internet connection (attempt 6/30)...
Waiting for internet connection (attempt 7/30)...
Waiting for internet connection (attempt 8/30)...
Waiting for internet connection (attempt 9/30)...
Waiting for internet connection (attempt 10/30)...
Waiting for internet connection (attempt 11/30)...
Waiting for internet connection (attempt 12/30)...
Waiting for internet connection (attempt 13/30)...
Waiting for internet connection (attempt 14/30)...
Waiting for internet connection (attempt 15/30)...
Waiting for internet connection (attempt 16/30)...
Waiting for internet connection (attempt 17/30)...
Waiting for internet connection (attempt 18/30)...
Waiting for internet connection (attempt 19/30)...
Waiting for internet connection (attempt 20/30)...
Waiting for internet connection (attempt 21/30)...
Waiting for internet connection (attempt 22/30)...
Waiting for internet connection (attempt 23/30)...
Waiting for internet connection (attempt 24/30)...
Waiting for internet connection (attempt 25/30)...
Waiting for internet connection (attempt 26/30)...
Waiting for internet connection (attempt 27/30)...
Waiting for internet connection (attempt 28/30)...
Waiting for internet connection (attempt 29/30)...
Waiting for internet connection (attempt 30/30)...
Connecting to IMAP mail server at imap.gmail.com:993... (Attempt 1/3)
[Network Retry] IMAP connection failed: getaddrinfo ENOTFOUND imap.gmail.com. Retrying in 10s...
Connecting to IMAP mail server at imap.gmail.com:993... (Attempt 2/3)
[Network Retry] IMAP connection failed: Can not re-use ImapFlow instance. Retrying in 10s...
Connecting to IMAP mail server at imap.gmail.com:993... (Attempt 3/3)
An error occurred during IMAP connection setup: Error: Can not re-use ImapFlow instance
    at ImapFlow.connect (/Users/anuthibhansali/.gemini/antigravity/scratch/tender-pocket/node_modules/imapflow/lib/imap-flow.js:1610:19)
    at run (/Users/anuthibhansali/.gemini/antigravity/scratch/tender-pocket/scripts/sync-emails.js:36:20)
Error: Can not re-use ImapFlow instance
    at ImapFlow.connect (/Users/anuthibhansali/.gemini/antigravity/scratch/tender-pocket/node_modules/imapflow/lib/imap-flow.js:1610:19)
    at run (/Users/anuthibhansali/.gemini/antigravity/scratch/tender-pocket/scripts/sync-emails.js:36:20)
--- TenderPocket Alert Engine Started ---
Using SMTP Config: Host=smtp.gmail.com, Port=465, Secure=true, User=anuthibhansali@gmail.com
Alert Recipient (Manager Email): anuthibhansali@gmail.com
Today's IST Date: 2026-08-24
Analyzed 1057 active tenders.
- SLA Alerts (T+3): 66
- Due Alerts (T2-3 / T2) for Issued Tenders: 19
- Due Alerts (T2-3 / T2) for Ready to File Tenders: 0
Sending email alert via nodemailer...
[Network Retry] Email sending failed: getaddrinfo ENOTFOUND smtp.gmail.com. Retrying in 10s (attempt 1/3)...
[Network Retry] Email sending failed: getaddrinfo ENOTFOUND smtp.gmail.com. Retrying in 10s (attempt 2/3)...
Alert email sent successfully. Message ID: <4c61a60b-c0dc-698b-2e47-2019ae12e907@gmail.com>
=== Sync completed at Mon Aug 24 11:01:11 IST 2026 ===
=== Sync started at Mon Aug 24 17:11:00 IST 2026 ===
Checking internet connection...
Internet connected! Letting connection stabilize for 10s...
Connecting to IMAP mail server at imap.gmail.com:993... (Attempt 1/3)
node:events:487
      throw er; // Unhandled 'error' event
      ^

Error: Socket timeout
    at TLSSocket.<anonymous> (/Users/anuthibhansali/.gemini/antigravity/scratch/tender-pocket/node_modules/imapflow/lib/imap-flow.js:875:29)
    at TLSSocket.emit (node:events:509:28)
    at Socket._onTimeout (node:net:610:8)
    at listOnTimeout (node:internal/timers:605:17)
    at process.processTimers (node:internal/timers:541:7)
Emitted 'error' event on ImapFlow instance at:
    at ImapFlow.emitError (/Users/anuthibhansali/.gemini/antigravity/scratch/tender-pocket/node_modules/imapflow/lib/imap-flow.js:408:14)
    at TLSSocket.<anonymous> (/Users/anuthibhansali/.gemini/antigravity/scratch/tender-pocket/node_modules/imapflow/lib/imap-flow.js:895:26)
    at TLSSocket.emit (node:events:509:28)
    at Socket._onTimeout (node:net:610:8)
    at listOnTimeout (node:internal/timers:605:17)
    at process.processTimers (node:internal/timers:541:7) {
  code: 'ETIMEOUT',
  _connId: '1daume8o260572j9zeja'
}

Node.js v24.15.0
--- TenderPocket Alert Engine Started ---
Using SMTP Config: Host=smtp.gmail.com, Port=465, Secure=true, User=anuthibhansali@gmail.com
Alert Recipient (Manager Email): anuthibhansali@gmail.com
Today's IST Date: 2026-08-24
Analyzed 1060 active tenders.
- SLA Alerts (T+3): 66
- Due Alerts (T2-3 / T2) for Issued Tenders: 19
- Due Alerts (T2-3 / T2) for Ready to File Tenders: 0
Sending email alert via nodemailer...
Alert email sent successfully. Message ID: <75559c9d-77ce-88c3-7379-f6fa094a157f@gmail.com>
=== Sync completed at Mon Aug 24 17:53:50 IST 2026 ===
=== Sync started at Tue Aug 25 09:03:59 IST 2026 ===
Checking internet connection...
Internet connected! Letting connection stabilize for 10s...
Connecting to IMAP mail server at imap.gmail.com:993... (Attempt 1/3)
Successfully locked INBOX. Searching for matching Tender247 emails...
Found 0 matching unread email message(s).
No new tender emails to process.
Logged out of IMAP mail server.
--- TenderPocket Alert Engine Started ---
Using SMTP Config: Host=smtp.gmail.com, Port=465, Secure=true, User=anuthibhansali@gmail.com
Alert Recipient (Manager Email): anuthibhansali@gmail.com
Today's IST Date: 2026-08-25
Analyzed 1066 active tenders.
- SLA Alerts (T+3): 11
- Due Alerts (T2-3 / T2) for Issued Tenders: 12
- Due Alerts (T2-3 / T2) for Ready to File Tenders: 0
Sending email alert via nodemailer...
Alert email sent successfully. Message ID: <0dd2933a-48ff-65cb-cf0f-d46529e081cc@gmail.com>
=== Sync completed at Tue Aug 25 09:04:18 IST 2026 ===
=== Sync started at Tue Aug 25 17:11:34 IST 2026 ===
Checking internet connection...
Internet connected! Letting connection stabilize for 10s...
Connecting to IMAP mail server at imap.gmail.com:993... (Attempt 1/3)
node:events:487
      throw er; // Unhandled 'error' event
      ^

Error: Socket timeout
    at TLSSocket.<anonymous> (/Users/anuthibhansali/.gemini/antigravity/scratch/tender-pocket/node_modules/imapflow/lib/imap-flow.js:875:29)
    at TLSSocket.emit (node:events:509:28)
    at Socket._onTimeout (node:net:610:8)
    at listOnTimeout (node:internal/timers:605:17)
    at process.processTimers (node:internal/timers:541:7)
Emitted 'error' event on ImapFlow instance at:
    at ImapFlow.emitError (/Users/anuthibhansali/.gemini/antigravity/scratch/tender-pocket/node_modules/imapflow/lib/imap-flow.js:408:14)
    at TLSSocket.<anonymous> (/Users/anuthibhansali/.gemini/antigravity/scratch/tender-pocket/node_modules/imapflow/lib/imap-flow.js:895:26)
    at TLSSocket.emit (node:events:509:28)
    at Socket._onTimeout (node:net:610:8)
    at listOnTimeout (node:internal/timers:605:17)
    at process.processTimers (node:internal/timers:541:7) {
  code: 'ETIMEOUT',
  _connId: 'mq8wreylo9anxdmnl6h3'
}

Node.js v24.15.0
--- TenderPocket Alert Engine Started ---
Using SMTP Config: Host=smtp.gmail.com, Port=465, Secure=true, User=anuthibhansali@gmail.com
Alert Recipient (Manager Email): anuthibhansali@gmail.com
Today's IST Date: 2026-08-25
Analyzed 1094 active tenders.
- SLA Alerts (T+3): 11
- Due Alerts (T2-3 / T2) for Issued Tenders: 12
- Due Alerts (T2-3 / T2) for Ready to File Tenders: 0
Sending email alert via nodemailer...
[Network Retry] Email sending failed: Timeout. Retrying in 10s (attempt 1/3)...
Alert email sent successfully. Message ID: <9d081113-79de-e945-b762-98654398f314@gmail.com>
=== Sync completed at Tue Aug 25 18:26:46 IST 2026 ===
=== Sync started at Wed Aug 26 09:03:06 IST 2026 ===
Checking internet connection...
Internet connected! Letting connection stabilize for 10s...
Connecting to IMAP mail server at imap.gmail.com:993... (Attempt 1/3)
Successfully locked INBOX. Searching for matching Tender247 emails...
Found 0 matching unread email message(s).
No new tender emails to process.
Logged out of IMAP mail server.
--- TenderPocket Alert Engine Started ---
Using SMTP Config: Host=smtp.gmail.com, Port=465, Secure=true, User=anuthibhansali@gmail.com
Alert Recipient (Manager Email): anuthibhansali@gmail.com
Today's IST Date: 2026-08-26
Analyzed 1162 active tenders.
- SLA Alerts (T+3): 25
- Due Alerts (T2-3 / T2) for Issued Tenders: 14
- Due Alerts (T2-3 / T2) for Ready to File Tenders: 0
Sending email alert via nodemailer...
Alert email sent successfully. Message ID: <0304ac9e-7afa-eca4-e2ff-92be67adc683@gmail.com>
=== Sync completed at Wed Aug 26 09:03:28 IST 2026 ===
=== Sync started at Wed Aug 26 17:00:02 IST 2026 ===
Checking internet connection...
Internet connected! Letting connection stabilize for 10s...
Connecting to IMAP mail server at imap.gmail.com:993... (Attempt 1/3)
Successfully locked INBOX. Searching for matching Tender247 emails...
Found 0 matching unread email message(s).
No new tender emails to process.
Logged out of IMAP mail server.
--- TenderPocket Alert Engine Started ---
Using SMTP Config: Host=smtp.gmail.com, Port=465, Secure=true, User=anuthibhansali@gmail.com
Alert Recipient (Manager Email): anuthibhansali@gmail.com
Today's IST Date: 2026-08-26
Analyzed 1189 active tenders.
- SLA Alerts (T+3): 25
- Due Alerts (T2-3 / T2) for Issued Tenders: 14
- Due Alerts (T2-3 / T2) for Ready to File Tenders: 0
Sending email alert via nodemailer...
Alert email sent successfully. Message ID: <27920c78-8428-c3c3-7b5b-4ec859c5f400@gmail.com>
=== Sync completed at Wed Aug 26 17:00:20 IST 2026 ===
=== Sync started at Thu Aug 27 09:05:34 IST 2026 ===
Checking internet connection...
Internet connected! Letting connection stabilize for 10s...
Connecting to IMAP mail server at imap.gmail.com:993... (Attempt 1/3)
Successfully locked INBOX. Searching for matching Tender247 emails...
Found 0 matching unread email message(s).
No new tender emails to process.
Logged out of IMAP mail server.
--- TenderPocket Alert Engine Started ---
Using SMTP Config: Host=smtp.gmail.com, Port=465, Secure=true, User=anuthibhansali@gmail.com
Alert Recipient (Manager Email): anuthibhansali@gmail.com
Today's IST Date: 2026-08-27
Analyzed 1211 active tenders.
- SLA Alerts (T+3): 9
- Due Alerts (T2-3 / T2) for Issued Tenders: 6
- Due Alerts (T2-3 / T2) for Ready to File Tenders: 0
Sending email alert via nodemailer...
Alert email sent successfully. Message ID: <ee07b04b-8a22-9dea-7cc6-480bcfc3036a@gmail.com>
=== Sync completed at Thu Aug 27 09:32:12 IST 2026 ===
=== Sync started at Thu Aug 27 17:11:13 IST 2026 ===
Checking internet connection...
Internet connected! Letting connection stabilize for 10s...
Connecting to IMAP mail server at imap.gmail.com:993... (Attempt 1/3)
Successfully locked INBOX. Searching for matching Tender247 emails...
Found 0 matching unread email message(s).
No new tender emails to process.
Logged out of IMAP mail server.
--- TenderPocket Alert Engine Started ---
Using SMTP Config: Host=smtp.gmail.com, Port=465, Secure=true, User=anuthibhansali@gmail.com
Alert Recipient (Manager Email): anuthibhansali@gmail.com
Today's IST Date: 2026-08-27
Analyzed 1213 active tenders.
- SLA Alerts (T+3): 9
- Due Alerts (T2-3 / T2) for Issued Tenders: 6
- Due Alerts (T2-3 / T2) for Ready to File Tenders: 0
Sending email alert via nodemailer...
Alert email sent successfully. Message ID: <074d0731-857c-b647-5659-add637f41c01@gmail.com>
=== Sync completed at Thu Aug 27 17:40:10 IST 2026 ===
=== Sync started at Fri Aug 28 09:11:44 IST 2026 ===
Checking internet connection...
Internet connected! Letting connection stabilize for 10s...
Connecting to IMAP mail server at imap.gmail.com:993... (Attempt 1/3)
Successfully locked INBOX. Searching for matching Tender247 emails...
Found 0 matching unread email message(s).
No new tender emails to process.
Logged out of IMAP mail server.
--- TenderPocket Alert Engine Started ---
Using SMTP Config: Host=smtp.gmail.com, Port=465, Secure=true, User=anuthibhansali@gmail.com
Alert Recipient (Manager Email): anuthibhansali@gmail.com
Today's IST Date: 2026-08-28
Analyzed 1217 active tenders.
- SLA Alerts (T+3): 95
- Due Alerts (T2-3 / T2) for Issued Tenders: 20
- Due Alerts (T2-3 / T2) for Ready to File Tenders: 0
Sending email alert via nodemailer...
Alert email sent successfully. Message ID: <02a65588-6511-c9ff-26e2-a1920a575229@gmail.com>
=== Sync completed at Fri Aug 28 09:41:27 IST 2026 ===
=== Sync started at Fri Aug 28 17:08:09 IST 2026 ===
Checking internet connection...
Internet connected! Letting connection stabilize for 10s...
Connecting to IMAP mail server at imap.gmail.com:993... (Attempt 1/3)
Successfully locked INBOX. Searching for matching Tender247 emails...
node:events:487
      throw er; // Unhandled 'error' event
      ^

Error: Socket timeout
    at TLSSocket.<anonymous> (/Users/anuthibhansali/.gemini/antigravity/scratch/tender-pocket/node_modules/imapflow/lib/imap-flow.js:875:29)
    at TLSSocket.emit (node:events:509:28)
    at Socket._onTimeout (node:net:610:8)
    at listOnTimeout (node:internal/timers:605:17)
    at process.processTimers (node:internal/timers:541:7)
Emitted 'error' event on ImapFlow instance at:
    at ImapFlow.emitError (/Users/anuthibhansali/.gemini/antigravity/scratch/tender-pocket/node_modules/imapflow/lib/imap-flow.js:408:14)
    at TLSSocket.<anonymous> (/Users/anuthibhansali/.gemini/antigravity/scratch/tender-pocket/node_modules/imapflow/lib/imap-flow.js:895:26)
    at TLSSocket.emit (node:events:509:28)
    at Socket._onTimeout (node:net:610:8)
    at listOnTimeout (node:internal/timers:605:17)
    at process.processTimers (node:internal/timers:541:7) {
  code: 'ETIMEOUT',
  _connId: '19frxiagt142xufp5jdr'
}

Node.js v24.15.0
--- TenderPocket Alert Engine Started ---
Using SMTP Config: Host=smtp.gmail.com, Port=465, Secure=true, User=anuthibhansali@gmail.com
Alert Recipient (Manager Email): anuthibhansali@gmail.com
Today's IST Date: 2026-08-28
Analyzed 1236 active tenders.
- SLA Alerts (T+3): 95
- Due Alerts (T2-3 / T2) for Issued Tenders: 20
- Due Alerts (T2-3 / T2) for Ready to File Tenders: 0
Sending email alert via nodemailer...
Alert email sent successfully. Message ID: <08f5e37b-8f35-da11-5a70-13b3e84eb114@gmail.com>
=== Sync completed at Fri Aug 28 17:49:24 IST 2026 ===
=== Sync started at Sat Aug 29 09:00:01 IST 2026 ===
Checking internet connection...
Internet connected! Letting connection stabilize for 10s...
Connecting to IMAP mail server at imap.gmail.com:993... (Attempt 1/3)
Successfully locked INBOX. Searching for matching Tender247 emails...
Found 0 matching unread email message(s).
No new tender emails to process.
Logged out of IMAP mail server.
--- TenderPocket Alert Engine Started ---
Using SMTP Config: Host=smtp.gmail.com, Port=465, Secure=true, User=anuthibhansali@gmail.com
Alert Recipient (Manager Email): anuthibhansali@gmail.com
Today's IST Date: 2026-08-29
Analyzed 1250 active tenders.
- SLA Alerts (T+3): 50
- Due Alerts (T2-3 / T2) for Issued Tenders: 13
- Due Alerts (T2-3 / T2) for Ready to File Tenders: 0
Sending email alert via nodemailer...
Alert email sent successfully. Message ID: <87d29a62-5c45-a9df-2b75-7a1204beb8d6@gmail.com>
=== Sync completed at Sat Aug 29 09:00:21 IST 2026 ===
=== Sync started at Sat Aug 29 17:11:27 IST 2026 ===
Checking internet connection...
Internet connected! Letting connection stabilize for 10s...
Connecting to IMAP mail server at imap.gmail.com:993... (Attempt 1/3)
Successfully locked INBOX. Searching for matching Tender247 emails...
node:events:487
      throw er; // Unhandled 'error' event
      ^

Error: Socket timeout
    at TLSSocket.<anonymous> (/Users/anuthibhansali/.gemini/antigravity/scratch/tender-pocket/node_modules/imapflow/lib/imap-flow.js:875:29)
    at TLSSocket.emit (node:events:509:28)
    at Socket._onTimeout (node:net:610:8)
    at listOnTimeout (node:internal/timers:605:17)
    at process.processTimers (node:internal/timers:541:7)
Emitted 'error' event on ImapFlow instance at:
    at ImapFlow.emitError (/Users/anuthibhansali/.gemini/antigravity/scratch/tender-pocket/node_modules/imapflow/lib/imap-flow.js:408:14)
    at TLSSocket.<anonymous> (/Users/anuthibhansali/.gemini/antigravity/scratch/tender-pocket/node_modules/imapflow/lib/imap-flow.js:895:26)
    at TLSSocket.emit (node:events:509:28)
    at Socket._onTimeout (node:net:610:8)
    at listOnTimeout (node:internal/timers:605:17)
    at process.processTimers (node:internal/timers:541:7) {
  code: 'ETIMEOUT',
  _connId: 'ypyedox0p6j9o0yqz9fk'
}

Node.js v24.15.0
--- TenderPocket Alert Engine Started ---
Using SMTP Config: Host=smtp.gmail.com, Port=465, Secure=true, User=anuthibhansali@gmail.com
Alert Recipient (Manager Email): anuthibhansali@gmail.com
Today's IST Date: 2026-08-29
Analyzed 1263 active tenders.
- SLA Alerts (T+3): 50
- Due Alerts (T2-3 / T2) for Issued Tenders: 13
- Due Alerts (T2-3 / T2) for Ready to File Tenders: 0
Sending email alert via nodemailer...
[Network Retry] Email sending failed: Timeout. Retrying in 10s (attempt 1/3)...
Alert email sent successfully. Message ID: <e645e452-81c8-7610-d7cc-788fd2726bdb@gmail.com>
=== Sync completed at Sat Aug 29 18:58:45 IST 2026 ===
=== Sync started at Sun Aug 30 09:06:49 IST 2026 ===
Checking internet connection...
Waiting for internet connection (attempt 1/30)...
Waiting for internet connection (attempt 2/30)...
Waiting for internet connection (attempt 3/30)...
Waiting for internet connection (attempt 4/30)...
Waiting for internet connection (attempt 5/30)...
Waiting for internet connection (attempt 6/30)...
Waiting for internet connection (attempt 7/30)...
Waiting for internet connection (attempt 8/30)...
Waiting for internet connection (attempt 9/30)...
Waiting for internet connection (attempt 10/30)...
Waiting for internet connection (attempt 11/30)...
Waiting for internet connection (attempt 12/30)...
Waiting for internet connection (attempt 13/30)...
Waiting for internet connection (attempt 14/30)...
Waiting for internet connection (attempt 15/30)...
Waiting for internet connection (attempt 16/30)...
Waiting for internet connection (attempt 17/30)...
Waiting for internet connection (attempt 18/30)...
Waiting for internet connection (attempt 19/30)...
Waiting for internet connection (attempt 20/30)...
Waiting for internet connection (attempt 21/30)...
Waiting for internet connection (attempt 22/30)...
Waiting for internet connection (attempt 23/30)...
Waiting for internet connection (attempt 24/30)...
Waiting for internet connection (attempt 25/30)...
Waiting for internet connection (attempt 26/30)...
Waiting for internet connection (attempt 27/30)...
Waiting for internet connection (attempt 28/30)...
Waiting for internet connection (attempt 29/30)...
Waiting for internet connection (attempt 30/30)...
Connecting to IMAP mail server at imap.gmail.com:993... (Attempt 1/3)
[Network Retry] IMAP connection failed: getaddrinfo ENOTFOUND imap.gmail.com. Retrying in 10s...
Connecting to IMAP mail server at imap.gmail.com:993... (Attempt 2/3)
[Network Retry] IMAP connection failed: Can not re-use ImapFlow instance. Retrying in 10s...
Connecting to IMAP mail server at imap.gmail.com:993... (Attempt 3/3)
An error occurred during IMAP connection setup: Error: Can not re-use ImapFlow instance
    at ImapFlow.connect (/Users/anuthibhansali/.gemini/antigravity/scratch/tender-pocket/node_modules/imapflow/lib/imap-flow.js:1610:19)
    at run (/Users/anuthibhansali/.gemini/antigravity/scratch/tender-pocket/scripts/sync-emails.js:36:20)
Error: Can not re-use ImapFlow instance
    at ImapFlow.connect (/Users/anuthibhansali/.gemini/antigravity/scratch/tender-pocket/node_modules/imapflow/lib/imap-flow.js:1610:19)
    at run (/Users/anuthibhansali/.gemini/antigravity/scratch/tender-pocket/scripts/sync-emails.js:36:20)
--- TenderPocket Alert Engine Started ---
Using SMTP Config: Host=smtp.gmail.com, Port=465, Secure=true, User=anuthibhansali@gmail.com
Alert Recipient (Manager Email): anuthibhansali@gmail.com
Today's IST Date: 2026-08-30
Analyzed 1287 active tenders.
- SLA Alerts (T+3): 5
- Due Alerts (T2-3 / T2) for Issued Tenders: 2
- Due Alerts (T2-3 / T2) for Ready to File Tenders: 0
Sending email alert via nodemailer...
[Network Retry] Email sending failed: getaddrinfo ENOTFOUND smtp.gmail.com. Retrying in 10s (attempt 1/3)...
[Network Retry] Email sending failed: getaddrinfo ENOTFOUND smtp.gmail.com. Retrying in 10s (attempt 2/3)...
Failed to send email alert after all retries: Error: getaddrinfo ENOTFOUND smtp.gmail.com
    at GetAddrInfoReqWrap.onlookupall [as oncomplete] (node:dns:122:26) {
  errno: -3008,
  code: 'EDNS',
  syscall: 'getaddrinfo',
  hostname: 'smtp.gmail.com',
  command: 'CONN'
}
=== Sync completed at Sun Aug 30 11:08:46 IST 2026 ===
=== Sync started at Sun Aug 30 17:14:49 IST 2026 ===
Checking internet connection...
Waiting for internet connection (attempt 1/30)...
Waiting for internet connection (attempt 2/30)...
Waiting for internet connection (attempt 3/30)...
Waiting for internet connection (attempt 4/30)...
Waiting for internet connection (attempt 5/30)...
Waiting for internet connection (attempt 6/30)...
Waiting for internet connection (attempt 7/30)...
Waiting for internet connection (attempt 8/30)...
Waiting for internet connection (attempt 9/30)...
Waiting for internet connection (attempt 10/30)...
Waiting for internet connection (attempt 11/30)...
Waiting for internet connection (attempt 12/30)...
Waiting for internet connection (attempt 13/30)...
Waiting for internet connection (attempt 14/30)...
Waiting for internet connection (attempt 15/30)...
Waiting for internet connection (attempt 16/30)...
Waiting for internet connection (attempt 17/30)...
Waiting for internet connection (attempt 18/30)...
Waiting for internet connection (attempt 19/30)...
Waiting for internet connection (attempt 20/30)...
Waiting for internet connection (attempt 21/30)...
Waiting for internet connection (attempt 22/30)...
Waiting for internet connection (attempt 23/30)...
Waiting for internet connection (attempt 24/30)...
Waiting for internet connection (attempt 25/30)...
Waiting for internet connection (attempt 26/30)...
Waiting for internet connection (attempt 27/30)...
Waiting for internet connection (attempt 28/30)...
Waiting for internet connection (attempt 29/30)...
Waiting for internet connection (attempt 30/30)...
Connecting to IMAP mail server at imap.gmail.com:993... (Attempt 1/3)
[Network Retry] IMAP connection failed: getaddrinfo ENOTFOUND imap.gmail.com. Retrying in 10s...
Connecting to IMAP mail server at imap.gmail.com:993... (Attempt 2/3)
[Network Retry] IMAP connection failed: Can not re-use ImapFlow instance. Retrying in 10s...
Connecting to IMAP mail server at imap.gmail.com:993... (Attempt 3/3)
An error occurred during IMAP connection setup: Error: Can not re-use ImapFlow instance
    at ImapFlow.connect (/Users/anuthibhansali/.gemini/antigravity/scratch/tender-pocket/node_modules/imapflow/lib/imap-flow.js:1610:19)
    at run (/Users/anuthibhansali/.gemini/antigravity/scratch/tender-pocket/scripts/sync-emails.js:36:20)
Error: Can not re-use ImapFlow instance
    at ImapFlow.connect (/Users/anuthibhansali/.gemini/antigravity/scratch/tender-pocket/node_modules/imapflow/lib/imap-flow.js:1610:19)
    at run (/Users/anuthibhansali/.gemini/antigravity/scratch/tender-pocket/scripts/sync-emails.js:36:20)
--- TenderPocket Alert Engine Started ---
Using SMTP Config: Host=smtp.gmail.com, Port=465, Secure=true, User=anuthibhansali@gmail.com
Alert Recipient (Manager Email): anuthibhansali@gmail.com
Today's IST Date: 2026-08-30
Analyzed 1287 active tenders.
- SLA Alerts (T+3): 5
- Due Alerts (T2-3 / T2) for Issued Tenders: 2
- Due Alerts (T2-3 / T2) for Ready to File Tenders: 0
Sending email alert via nodemailer...
[Network Retry] Email sending failed: getaddrinfo ENOTFOUND smtp.gmail.com. Retrying in 10s (attempt 1/3)...
[Network Retry] Email sending failed: getaddrinfo ENOTFOUND smtp.gmail.com. Retrying in 10s (attempt 2/3)...
Failed to send email alert after all retries: Error: getaddrinfo ENOTFOUND smtp.gmail.com
    at GetAddrInfoReqWrap.onlookupall [as oncomplete] (node:dns:122:26) {
  errno: -3008,
  code: 'EDNS',
  syscall: 'getaddrinfo',
  hostname: 'smtp.gmail.com',
  command: 'CONN'
}
=== Sync completed at Sun Aug 30 18:44:06 IST 2026 ===
=== Sync started at Mon Aug 31 09:02:05 IST 2026 ===
Checking internet connection...
Waiting for internet connection (attempt 1/30)...
Waiting for internet connection (attempt 2/30)...
Waiting for internet connection (attempt 3/30)...
Waiting for internet connection (attempt 4/30)...
Waiting for internet connection (attempt 5/30)...
Waiting for internet connection (attempt 6/30)...
Waiting for internet connection (attempt 7/30)...
Waiting for internet connection (attempt 8/30)...
Waiting for internet connection (attempt 9/30)...
Waiting for internet connection (attempt 10/30)...
Waiting for internet connection (attempt 11/30)...
Waiting for internet connection (attempt 12/30)...
Waiting for internet connection (attempt 13/30)...
Waiting for internet connection (attempt 14/30)...
Waiting for internet connection (attempt 15/30)...
Waiting for internet connection (attempt 16/30)...
Waiting for internet connection (attempt 17/30)...
Waiting for internet connection (attempt 18/30)...
Waiting for internet connection (attempt 19/30)...
Waiting for internet connection (attempt 20/30)...
Waiting for internet connection (attempt 21/30)...
Waiting for internet connection (attempt 22/30)...
Waiting for internet connection (attempt 23/30)...
Waiting for internet connection (attempt 24/30)...
Waiting for internet connection (attempt 25/30)...
Waiting for internet connection (attempt 26/30)...
Waiting for internet connection (attempt 27/30)...
Waiting for internet connection (attempt 28/30)...
Waiting for internet connection (attempt 29/30)...
Waiting for internet connection (attempt 30/30)...
Connecting to IMAP mail server at imap.gmail.com:993... (Attempt 1/3)
[Network Retry] IMAP connection failed: getaddrinfo ENOTFOUND imap.gmail.com. Retrying in 10s...
Connecting to IMAP mail server at imap.gmail.com:993... (Attempt 2/3)
[Network Retry] IMAP connection failed: Can not re-use ImapFlow instance. Retrying in 10s...
Connecting to IMAP mail server at imap.gmail.com:993... (Attempt 3/3)
An error occurred during IMAP connection setup: Error: Can not re-use ImapFlow instance
    at ImapFlow.connect (/Users/anuthibhansali/.gemini/antigravity/scratch/tender-pocket/node_modules/imapflow/lib/imap-flow.js:1610:19)
    at run (/Users/anuthibhansali/.gemini/antigravity/scratch/tender-pocket/scripts/sync-emails.js:36:20)
Error: Can not re-use ImapFlow instance
    at ImapFlow.connect (/Users/anuthibhansali/.gemini/antigravity/scratch/tender-pocket/node_modules/imapflow/lib/imap-flow.js:1610:19)
    at run (/Users/anuthibhansali/.gemini/antigravity/scratch/tender-pocket/scripts/sync-emails.js:36:20)
--- TenderPocket Alert Engine Started ---
Using SMTP Config: Host=smtp.gmail.com, Port=465, Secure=true, User=anuthibhansali@gmail.com
Alert Recipient (Manager Email): anuthibhansali@gmail.com
Today's IST Date: 2026-08-31
Analyzed 1287 active tenders.
- SLA Alerts (T+3): 33
- Due Alerts (T2-3 / T2) for Issued Tenders: 25
- Due Alerts (T2-3 / T2) for Ready to File Tenders: 0
Sending email alert via nodemailer...
[Network Retry] Email sending failed: getaddrinfo ENOTFOUND smtp.gmail.com. Retrying in 10s (attempt 1/3)...
[Network Retry] Email sending failed: getaddrinfo ENOTFOUND smtp.gmail.com. Retrying in 10s (attempt 2/3)...
Failed to send email alert after all retries: Error: getaddrinfo ENOTFOUND smtp.gmail.com
    at GetAddrInfoReqWrap.onlookupall [as oncomplete] (node:dns:122:26) {
  errno: -3008,
  code: 'EDNS',
  syscall: 'getaddrinfo',
  hostname: 'smtp.gmail.com',
  command: 'CONN'
}
=== Sync completed at Mon Aug 31 10:46:37 IST 2026 ===
=== Sync started at Mon Aug 31 17:08:51 IST 2026 ===
Checking internet connection...
Waiting for internet connection (attempt 1/30)...
Waiting for internet connection (attempt 2/30)...
Waiting for internet connection (attempt 3/30)...
Waiting for internet connection (attempt 4/30)...
Waiting for internet connection (attempt 5/30)...
Waiting for internet connection (attempt 6/30)...
Waiting for internet connection (attempt 7/30)...
Waiting for internet connection (attempt 8/30)...
Waiting for internet connection (attempt 9/30)...
Waiting for internet connection (attempt 10/30)...
Waiting for internet connection (attempt 11/30)...
Waiting for internet connection (attempt 12/30)...
Waiting for internet connection (attempt 13/30)...
Waiting for internet connection (attempt 14/30)...
Waiting for internet connection (attempt 15/30)...
Waiting for internet connection (attempt 16/30)...
Waiting for internet connection (attempt 17/30)...
Waiting for internet connection (attempt 18/30)...
Waiting for internet connection (attempt 19/30)...
Waiting for internet connection (attempt 20/30)...
Waiting for internet connection (attempt 21/30)...
Waiting for internet connection (attempt 22/30)...
Waiting for internet connection (attempt 23/30)...
Waiting for internet connection (attempt 24/30)...
Waiting for internet connection (attempt 25/30)...
Waiting for internet connection (attempt 26/30)...
Waiting for internet connection (attempt 27/30)...
Waiting for internet connection (attempt 28/30)...
Waiting for internet connection (attempt 29/30)...
Waiting for internet connection (attempt 30/30)...
Connecting to IMAP mail server at imap.gmail.com:993... (Attempt 1/3)
[Network Retry] IMAP connection failed: getaddrinfo ENOTFOUND imap.gmail.com. Retrying in 10s...
Connecting to IMAP mail server at imap.gmail.com:993... (Attempt 2/3)
[Network Retry] IMAP connection failed: Can not re-use ImapFlow instance. Retrying in 10s...
Connecting to IMAP mail server at imap.gmail.com:993... (Attempt 3/3)
An error occurred during IMAP connection setup: Error: Can not re-use ImapFlow instance
    at ImapFlow.connect (/Users/anuthibhansali/.gemini/antigravity/scratch/tender-pocket/node_modules/imapflow/lib/imap-flow.js:1610:19)
    at run (/Users/anuthibhansali/.gemini/antigravity/scratch/tender-pocket/scripts/sync-emails.js:36:20)
Error: Can not re-use ImapFlow instance
    at ImapFlow.connect (/Users/anuthibhansali/.gemini/antigravity/scratch/tender-pocket/node_modules/imapflow/lib/imap-flow.js:1610:19)
    at run (/Users/anuthibhansali/.gemini/antigravity/scratch/tender-pocket/scripts/sync-emails.js:36:20)
--- TenderPocket Alert Engine Started ---
Using SMTP Config: Host=smtp.gmail.com, Port=465, Secure=true, User=anuthibhansali@gmail.com
Alert Recipient (Manager Email): anuthibhansali@gmail.com
Today's IST Date: 2026-08-31
Analyzed 1287 active tenders.
- SLA Alerts (T+3): 33
- Due Alerts (T2-3 / T2) for Issued Tenders: 25
- Due Alerts (T2-3 / T2) for Ready to File Tenders: 0
Sending email alert via nodemailer...
[Network Retry] Email sending failed: getaddrinfo ENOTFOUND smtp.gmail.com. Retrying in 10s (attempt 1/3)...
[Network Retry] Email sending failed: getaddrinfo ENOTFOUND smtp.gmail.com. Retrying in 10s (attempt 2/3)...
Failed to send email alert after all retries: Error: getaddrinfo ENOTFOUND smtp.gmail.com
    at GetAddrInfoReqWrap.onlookupall [as oncomplete] (node:dns:122:26) {
  errno: -3008,
  code: 'EDNS',
  syscall: 'getaddrinfo',
  hostname: 'smtp.gmail.com',
  command: 'CONN'
}
=== Sync completed at Mon Aug 31 18:54:37 IST 2026 ===
=== Sync started at Tue Sep  1 09:03:21 IST 2026 ===
Checking internet connection...
Internet connected! Letting connection stabilize for 10s...
Connecting to IMAP mail server at imap.gmail.com:993... (Attempt 1/3)
Successfully locked INBOX. Searching for matching Tender247 emails...
Found 0 matching unread email message(s).
No new tender emails to process.
Logged out of IMAP mail server.
--- TenderPocket Alert Engine Started ---
Using SMTP Config: Host=smtp.gmail.com, Port=465, Secure=true, User=anuthibhansali@gmail.com
Alert Recipient (Manager Email): anuthibhansali@gmail.com
Today's IST Date: 2026-09-01
Analyzed 1294 active tenders.
- SLA Alerts (T+3): 38
- Due Alerts (T2-3 / T2) for Issued Tenders: 11
- Due Alerts (T2-3 / T2) for Ready to File Tenders: 0
Sending email alert via nodemailer...
Alert email sent successfully. Message ID: <26ea7811-4da9-eee3-dfac-610a4e270b80@gmail.com>
=== Sync completed at Tue Sep  1 09:17:15 IST 2026 ===
=== Sync started at Tue Sep  1 17:15:59 IST 2026 ===
Checking internet connection...
Internet connected! Letting connection stabilize for 10s...
Connecting to IMAP mail server at imap.gmail.com:993... (Attempt 1/3)
Successfully locked INBOX. Searching for matching Tender247 emails...
Found 0 matching unread email message(s).
No new tender emails to process.
Logged out of IMAP mail server.
--- TenderPocket Alert Engine Started ---
Using SMTP Config: Host=smtp.gmail.com, Port=465, Secure=true, User=anuthibhansali@gmail.com
Alert Recipient (Manager Email): anuthibhansali@gmail.com
Today's IST Date: 2026-09-01
Analyzed 1304 active tenders.
- SLA Alerts (T+3): 38
- Due Alerts (T2-3 / T2) for Issued Tenders: 11
- Due Alerts (T2-3 / T2) for Ready to File Tenders: 0
Sending email alert via nodemailer...
Alert email sent successfully. Message ID: <6e9b0352-a7b4-f5b0-ead3-f8f5fe6f8e2c@gmail.com>
=== Sync completed at Tue Sep  1 17:25:26 IST 2026 ===
=== Sync started at Wed Sep  2 09:00:05 IST 2026 ===
Checking internet connection...
Internet connected! Letting connection stabilize for 10s...
Connecting to IMAP mail server at imap.gmail.com:993... (Attempt 1/3)
[Network Retry] IMAP connection failed: Failed to establish connection in required time. Retrying in 10s...
Connecting to IMAP mail server at imap.gmail.com:993... (Attempt 2/3)
[Network Retry] IMAP connection failed: Can not re-use ImapFlow instance. Retrying in 10s...
Connecting to IMAP mail server at imap.gmail.com:993... (Attempt 3/3)
An error occurred during IMAP connection setup: Error: Can not re-use ImapFlow instance
    at ImapFlow.connect (/Users/anuthibhansali/.gemini/antigravity/scratch/tender-pocket/node_modules/imapflow/lib/imap-flow.js:1610:19)
    at run (/Users/anuthibhansali/.gemini/antigravity/scratch/tender-pocket/scripts/sync-emails.js:36:20)
Error: Can not re-use ImapFlow instance
    at ImapFlow.connect (/Users/anuthibhansali/.gemini/antigravity/scratch/tender-pocket/node_modules/imapflow/lib/imap-flow.js:1610:19)
    at run (/Users/anuthibhansali/.gemini/antigravity/scratch/tender-pocket/scripts/sync-emails.js:36:20)
--- TenderPocket Alert Engine Started ---
Using SMTP Config: Host=smtp.gmail.com, Port=465, Secure=true, User=anuthibhansali@gmail.com
Alert Recipient (Manager Email): anuthibhansali@gmail.com
Today's IST Date: 2026-09-02
Analyzed 1338 active tenders.
- SLA Alerts (T+3): 0
- Due Alerts (T2-3 / T2) for Issued Tenders: 9
- Due Alerts (T2-3 / T2) for Ready to File Tenders: 0
Sending email alert via nodemailer...
[Network Retry] Email sending failed: Unexpected socket close. Retrying in 10s (attempt 1/3)...
Alert email sent successfully. Message ID: <a8ef8cde-a115-014f-7ee5-694c729071f1@gmail.com>
=== Sync completed at Wed Sep  2 09:14:33 IST 2026 ===
=== Sync started at Wed Sep  2 17:10:58 IST 2026 ===
Checking internet connection...
Waiting for internet connection (attempt 1/30)...
Waiting for internet connection (attempt 2/30)...
Waiting for internet connection (attempt 3/30)...
Waiting for internet connection (attempt 4/30)...
Waiting for internet connection (attempt 5/30)...
Waiting for internet connection (attempt 6/30)...
Waiting for internet connection (attempt 7/30)...
Waiting for internet connection (attempt 8/30)...
Waiting for internet connection (attempt 9/30)...
Waiting for internet connection (attempt 10/30)...
Waiting for internet connection (attempt 11/30)...
Waiting for internet connection (attempt 12/30)...
Waiting for internet connection (attempt 13/30)...
Waiting for internet connection (attempt 14/30)...
Waiting for internet connection (attempt 15/30)...
Waiting for internet connection (attempt 16/30)...
Waiting for internet connection (attempt 17/30)...
Waiting for internet connection (attempt 18/30)...
Waiting for internet connection (attempt 19/30)...
Waiting for internet connection (attempt 20/30)...
Waiting for internet connection (attempt 21/30)...
Waiting for internet connection (attempt 22/30)...
Waiting for internet connection (attempt 23/30)...
Waiting for internet connection (attempt 24/30)...
Waiting for internet connection (attempt 25/30)...
Waiting for internet connection (attempt 26/30)...
Waiting for internet connection (attempt 27/30)...
Waiting for internet connection (attempt 28/30)...
Waiting for internet connection (attempt 29/30)...
Internet connected! Letting connection stabilize for 10s...
Connecting to IMAP mail server at imap.gmail.com:993... (Attempt 1/3)
Successfully locked INBOX. Searching for matching Tender247 emails...
Found 0 matching unread email message(s).
No new tender emails to process.
Logged out of IMAP mail server.
--- TenderPocket Alert Engine Started ---
Using SMTP Config: Host=smtp.gmail.com, Port=465, Secure=true, User=anuthibhansali@gmail.com
Alert Recipient (Manager Email): anuthibhansali@gmail.com
Today's IST Date: 2026-09-02
Analyzed 1341 active tenders.
- SLA Alerts (T+3): 0
- Due Alerts (T2-3 / T2) for Issued Tenders: 9
- Due Alerts (T2-3 / T2) for Ready to File Tenders: 0
Sending email alert via nodemailer...
Alert email sent successfully. Message ID: <132b7020-2fc8-a387-42b4-41884d07a3d1@gmail.com>
=== Sync completed at Wed Sep  2 17:55:29 IST 2026 ===
=== Sync started at Thu Sep  3 09:05:01 IST 2026 ===
Checking internet connection...
Internet connected! Letting connection stabilize for 10s...
Connecting to IMAP mail server at imap.gmail.com:993... (Attempt 1/3)
Successfully locked INBOX. Searching for matching Tender247 emails...
Found 0 matching unread email message(s).
No new tender emails to process.
Logged out of IMAP mail server.
--- TenderPocket Alert Engine Started ---
Using SMTP Config: Host=smtp.gmail.com, Port=465, Secure=true, User=anuthibhansali@gmail.com
Alert Recipient (Manager Email): anuthibhansali@gmail.com
Today's IST Date: 2026-09-03
Analyzed 1393 active tenders.
- SLA Alerts (T+3): 5
- Due Alerts (T2-3 / T2) for Issued Tenders: 10
- Due Alerts (T2-3 / T2) for Ready to File Tenders: 0
Sending email alert via nodemailer...
Alert email sent successfully. Message ID: <c242d1bc-5464-de3b-c075-00991b9e3c80@gmail.com>
=== Sync completed at Thu Sep  3 09:22:28 IST 2026 ===
=== Sync started at Thu Sep  3 17:13:02 IST 2026 ===
Checking internet connection...
Internet connected! Letting connection stabilize for 10s...
Connecting to IMAP mail server at imap.gmail.com:993... (Attempt 1/3)
Successfully locked INBOX. Searching for matching Tender247 emails...
Found 0 matching unread email message(s).
No new tender emails to process.
Logged out of IMAP mail server.
--- TenderPocket Alert Engine Started ---
Using SMTP Config: Host=smtp.gmail.com, Port=465, Secure=true, User=anuthibhansali@gmail.com
Alert Recipient (Manager Email): anuthibhansali@gmail.com
Today's IST Date: 2026-09-03
Analyzed 1400 active tenders.
- SLA Alerts (T+3): 5
- Due Alerts (T2-3 / T2) for Issued Tenders: 10
- Due Alerts (T2-3 / T2) for Ready to File Tenders: 0
Sending email alert via nodemailer...
Alert email sent successfully. Message ID: <f70ed166-4b46-5f61-3928-e143bae8808c@gmail.com>
=== Sync completed at Thu Sep  3 17:31:22 IST 2026 ===
=== Sync started at Fri Sep  4 09:16:16 IST 2026 ===
Checking internet connection...
Internet connected! Letting connection stabilize for 10s...
Connecting to IMAP mail server at imap.gmail.com:993... (Attempt 1/3)
Successfully locked INBOX. Searching for matching Tender247 emails...
Found 0 matching unread email message(s).
No new tender emails to process.
Logged out of IMAP mail server.
--- TenderPocket Alert Engine Started ---
Using SMTP Config: Host=smtp.gmail.com, Port=465, Secure=true, User=anuthibhansali@gmail.com
Alert Recipient (Manager Email): anuthibhansali@gmail.com
Today's IST Date: 2026-09-04
Analyzed 1435 active tenders.
- SLA Alerts (T+3): 43
- Due Alerts (T2-3 / T2) for Issued Tenders: 11
- Due Alerts (T2-3 / T2) for Ready to File Tenders: 0
Sending email alert via nodemailer...
Alert email sent successfully. Message ID: <c0d890a9-0bc8-062c-ee92-45ef691db610@gmail.com>
=== Sync completed at Fri Sep  4 09:43:32 IST 2026 ===
=== Sync started at Fri Sep  4 17:07:47 IST 2026 ===
Checking internet connection...
Internet connected! Letting connection stabilize for 10s...
Connecting to IMAP mail server at imap.gmail.com:993... (Attempt 1/3)
Successfully locked INBOX. Searching for matching Tender247 emails...
Found 0 matching unread email message(s).
No new tender emails to process.
Logged out of IMAP mail server.
--- TenderPocket Alert Engine Started ---
Using SMTP Config: Host=smtp.gmail.com, Port=465, Secure=true, User=anuthibhansali@gmail.com
Alert Recipient (Manager Email): anuthibhansali@gmail.com
Today's IST Date: 2026-09-04
Analyzed 1467 active tenders.
- SLA Alerts (T+3): 43
- Due Alerts (T2-3 / T2) for Issued Tenders: 11
- Due Alerts (T2-3 / T2) for Ready to File Tenders: 0
Sending email alert via nodemailer...
Alert email sent successfully. Message ID: <690856cc-0648-fc5a-198a-86e0d85fd280@gmail.com>
=== Sync completed at Fri Sep  4 17:36:01 IST 2026 ===
=== Sync started at Sat Sep  5 09:13:27 IST 2026 ===
Checking internet connection...
Internet connected! Letting connection stabilize for 10s...
Connecting to IMAP mail server at imap.gmail.com:993... (Attempt 1/3)
Successfully locked INBOX. Searching for matching Tender247 emails...
Found 0 matching unread email message(s).
No new tender emails to process.
Logged out of IMAP mail server.
--- TenderPocket Alert Engine Started ---
Using SMTP Config: Host=smtp.gmail.com, Port=465, Secure=true, User=anuthibhansali@gmail.com
Alert Recipient (Manager Email): anuthibhansali@gmail.com
Today's IST Date: 2026-09-05
Analyzed 1505 active tenders.
- SLA Alerts (T+3): 58
- Due Alerts (T2-3 / T2) for Issued Tenders: 15
- Due Alerts (T2-3 / T2) for Ready to File Tenders: 0
Sending email alert via nodemailer...
[Network Retry] Email sending failed: Timeout. Retrying in 10s (attempt 1/3)...
Alert email sent successfully. Message ID: <011e42cc-c3f2-eeee-fbae-e2414ba1381a@gmail.com>
=== Sync completed at Sat Sep  5 09:24:22 IST 2026 ===
=== Sync started at Sat Sep  5 17:04:51 IST 2026 ===
Checking internet connection...
Internet connected! Letting connection stabilize for 10s...
Connecting to IMAP mail server at imap.gmail.com:993... (Attempt 1/3)
Successfully locked INBOX. Searching for matching Tender247 emails...
Found 0 matching unread email message(s).
No new tender emails to process.
Logged out of IMAP mail server.
--- TenderPocket Alert Engine Started ---
Using SMTP Config: Host=smtp.gmail.com, Port=465, Secure=true, User=anuthibhansali@gmail.com
Alert Recipient (Manager Email): anuthibhansali@gmail.com
Today's IST Date: 2026-09-05
Analyzed 1507 active tenders.
- SLA Alerts (T+3): 58
- Due Alerts (T2-3 / T2) for Issued Tenders: 15
- Due Alerts (T2-3 / T2) for Ready to File Tenders: 0
Sending email alert via nodemailer...
Alert email sent successfully. Message ID: <d5058ed7-d473-a94a-5fd6-b1dd0a59f01c@gmail.com>
=== Sync completed at Sat Sep  5 17:09:25 IST 2026 ===
=== Sync started at Sun Sep  6 09:07:13 IST 2026 ===
Checking internet connection...
Internet connected! Letting connection stabilize for 10s...
Connecting to IMAP mail server at imap.gmail.com:993... (Attempt 1/3)
Successfully locked INBOX. Searching for matching Tender247 emails...
Found 0 matching unread email message(s).
No new tender emails to process.
Logged out of IMAP mail server.
--- TenderPocket Alert Engine Started ---
Using SMTP Config: Host=smtp.gmail.com, Port=465, Secure=true, User=anuthibhansali@gmail.com
Alert Recipient (Manager Email): anuthibhansali@gmail.com
Today's IST Date: 2026-09-06
Analyzed 1511 active tenders.
- SLA Alerts (T+3): 40
- Due Alerts (T2-3 / T2) for Issued Tenders: 4
- Due Alerts (T2-3 / T2) for Ready to File Tenders: 0
Sending email alert via nodemailer...
Alert email sent successfully. Message ID: <ab1e125d-814b-b646-c174-06da137ad648@gmail.com>
=== Sync completed at Sun Sep  6 09:07:34 IST 2026 ===
=== Sync started at Sun Sep  6 17:14:50 IST 2026 ===
Checking internet connection...
Internet connected! Letting connection stabilize for 10s...
Connecting to IMAP mail server at imap.gmail.com:993... (Attempt 1/3)
Successfully locked INBOX. Searching for matching Tender247 emails...
Found 0 matching unread email message(s).
No new tender emails to process.
Logged out of IMAP mail server.
--- TenderPocket Alert Engine Started ---
Using SMTP Config: Host=smtp.gmail.com, Port=465, Secure=true, User=anuthibhansali@gmail.com
Alert Recipient (Manager Email): anuthibhansali@gmail.com
Today's IST Date: 2026-09-06
Analyzed 1529 active tenders.
- SLA Alerts (T+3): 40
- Due Alerts (T2-3 / T2) for Issued Tenders: 4
- Due Alerts (T2-3 / T2) for Ready to File Tenders: 0
Sending email alert via nodemailer...
Alert email sent successfully. Message ID: <5b6cc344-ea9d-0151-16ca-024b347d017b@gmail.com>
=== Sync completed at Sun Sep  6 17:15:22 IST 2026 ===
=== Sync started at Mon Sep  7 09:02:33 IST 2026 ===
Checking internet connection...
Waiting for internet connection (attempt 1/30)...
Internet connected! Letting connection stabilize for 10s...
Connecting to IMAP mail server at imap.gmail.com:993... (Attempt 1/3)
Successfully locked INBOX. Searching for matching Tender247 emails...
Found 0 matching unread email message(s).
No new tender emails to process.
Logged out of IMAP mail server.
--- TenderPocket Alert Engine Started ---
Using SMTP Config: Host=smtp.gmail.com, Port=465, Secure=true, User=anuthibhansali@gmail.com
Alert Recipient (Manager Email): anuthibhansali@gmail.com
Today's IST Date: 2026-09-07
Analyzed 1530 active tenders.
- SLA Alerts (T+3): 72
- Due Alerts (T2-3 / T2) for Issued Tenders: 10
- Due Alerts (T2-3 / T2) for Ready to File Tenders: 0
Sending email alert via nodemailer...
Alert email sent successfully. Message ID: <a11b2859-8651-e089-d0da-b80df58c7d96@gmail.com>
=== Sync completed at Mon Sep  7 09:06:19 IST 2026 ===
=== Sync started at Mon Sep  7 17:07:50 IST 2026 ===
Checking internet connection...
Internet connected! Letting connection stabilize for 10s...
Connecting to IMAP mail server at imap.gmail.com:993... (Attempt 1/3)
Successfully locked INBOX. Searching for matching Tender247 emails...
Found 0 matching unread email message(s).
No new tender emails to process.
Logged out of IMAP mail server.
--- TenderPocket Alert Engine Started ---
Using SMTP Config: Host=smtp.gmail.com, Port=465, Secure=true, User=anuthibhansali@gmail.com
Alert Recipient (Manager Email): anuthibhansali@gmail.com
Today's IST Date: 2026-09-07
Analyzed 1535 active tenders.
- SLA Alerts (T+3): 72
- Due Alerts (T2-3 / T2) for Issued Tenders: 10
- Due Alerts (T2-3 / T2) for Ready to File Tenders: 0
Sending email alert via nodemailer...
Alert email sent successfully. Message ID: <0c94b1d6-3102-675e-f285-0b2d9c8d47e0@gmail.com>
=== Sync completed at Mon Sep  7 17:35:53 IST 2026 ===
=== Sync started at Tue Sep  8 09:00:01 IST 2026 ===
Checking internet connection...
Internet connected! Letting connection stabilize for 10s...
Connecting to IMAP mail server at imap.gmail.com:993... (Attempt 1/3)
node:events:487
      throw er; // Unhandled 'error' event
      ^

Error: Socket timeout
    at TLSSocket.<anonymous> (/Users/anuthibhansali/.gemini/antigravity/scratch/tender-pocket/node_modules/imapflow/lib/imap-flow.js:875:29)
    at TLSSocket.emit (node:events:509:28)
    at Socket._onTimeout (node:net:610:8)
    at listOnTimeout (node:internal/timers:605:17)
    at process.processTimers (node:internal/timers:541:7)
Emitted 'error' event on ImapFlow instance at:
    at ImapFlow.emitError (/Users/anuthibhansali/.gemini/antigravity/scratch/tender-pocket/node_modules/imapflow/lib/imap-flow.js:408:14)
    at TLSSocket.<anonymous> (/Users/anuthibhansali/.gemini/antigravity/scratch/tender-pocket/node_modules/imapflow/lib/imap-flow.js:895:26)
    at TLSSocket.emit (node:events:509:28)
    at Socket._onTimeout (node:net:610:8)
    at listOnTimeout (node:internal/timers:605:17)
    at process.processTimers (node:internal/timers:541:7) {
  code: 'ETIMEOUT',
  _connId: '0pijv4h7155u5sc0s31g'
}

Node.js v24.15.0
--- TenderPocket Alert Engine Started ---
Using SMTP Config: Host=smtp.gmail.com, Port=465, Secure=true, User=anuthibhansali@gmail.com
Alert Recipient (Manager Email): anuthibhansali@gmail.com
Today's IST Date: 2026-09-08
Analyzed 1552 active tenders.
- SLA Alerts (T+3): 5
- Due Alerts (T2-3 / T2) for Issued Tenders: 23
- Due Alerts (T2-3 / T2) for Ready to File Tenders: 0
Sending email alert via nodemailer...
[Network Retry] Email sending failed: Timeout. Retrying in 10s (attempt 1/3)...
Alert email sent successfully. Message ID: <7fd8aaa4-09ab-f5bf-99fb-d32c5b7719d7@gmail.com>
=== Sync completed at Tue Sep  8 09:44:01 IST 2026 ===
=== Sync started at Tue Sep  8 17:05:36 IST 2026 ===
Checking internet connection...
Waiting for internet connection (attempt 1/30)...
Internet connected! Letting connection stabilize for 10s...
Connecting to IMAP mail server at imap.gmail.com:993... (Attempt 1/3)
Successfully locked INBOX. Searching for matching Tender247 emails...
Found 0 matching unread email message(s).
No new tender emails to process.
Logged out of IMAP mail server.
--- TenderPocket Alert Engine Started ---
Using SMTP Config: Host=smtp.gmail.com, Port=465, Secure=true, User=anuthibhansali@gmail.com
Alert Recipient (Manager Email): anuthibhansali@gmail.com
Today's IST Date: 2026-09-08
Analyzed 1593 active tenders.
- SLA Alerts (T+3): 5
- Due Alerts (T2-3 / T2) for Issued Tenders: 23
- Due Alerts (T2-3 / T2) for Ready to File Tenders: 0
Sending email alert via nodemailer...
Alert email sent successfully. Message ID: <7b5f7f98-ad98-ca16-dfd5-d972d241bb04@gmail.com>
=== Sync completed at Tue Sep  8 17:05:59 IST 2026 ===
=== Sync started at Wed Sep  9 09:10:22 IST 2026 ===
Checking internet connection...
Internet connected! Letting connection stabilize for 10s...
Connecting to IMAP mail server at imap.gmail.com:993... (Attempt 1/3)
Successfully locked INBOX. Searching for matching Tender247 emails...
Found 0 matching unread email message(s).
No new tender emails to process.
Logged out of IMAP mail server.
--- TenderPocket Alert Engine Started ---
Using SMTP Config: Host=smtp.gmail.com, Port=465, Secure=true, User=anuthibhansali@gmail.com
Alert Recipient (Manager Email): anuthibhansali@gmail.com
Today's IST Date: 2026-09-09
Analyzed 1642 active tenders.
- SLA Alerts (T+3): 20
- Due Alerts (T2-3 / T2) for Issued Tenders: 8
- Due Alerts (T2-3 / T2) for Ready to File Tenders: 0
Sending email alert via nodemailer...
Alert email sent successfully. Message ID: <05dd3012-ed3c-8f85-de9e-367be0881f81@gmail.com>
=== Sync completed at Wed Sep  9 09:23:05 IST 2026 ===
=== Sync started at Wed Sep  9 17:03:34 IST 2026 ===
Checking internet connection...
Internet connected! Letting connection stabilize for 10s...
Connecting to IMAP mail server at imap.gmail.com:993... (Attempt 1/3)
node:events:487
      throw er; // Unhandled 'error' event
      ^

Error: Socket timeout
    at TLSSocket.<anonymous> (/Users/anuthibhansali/.gemini/antigravity/scratch/tender-pocket/node_modules/imapflow/lib/imap-flow.js:875:29)
    at TLSSocket.emit (node:events:509:28)
    at Socket._onTimeout (node:net:610:8)
    at listOnTimeout (node:internal/timers:605:17)
    at process.processTimers (node:internal/timers:541:7)
Emitted 'error' event on ImapFlow instance at:
    at ImapFlow.emitError (/Users/anuthibhansali/.gemini/antigravity/scratch/tender-pocket/node_modules/imapflow/lib/imap-flow.js:408:14)
    at TLSSocket.<anonymous> (/Users/anuthibhansali/.gemini/antigravity/scratch/tender-pocket/node_modules/imapflow/lib/imap-flow.js:895:26)
    at TLSSocket.emit (node:events:509:28)
    at Socket._onTimeout (node:net:610:8)
    at listOnTimeout (node:internal/timers:605:17)
    at process.processTimers (node:internal/timers:541:7) {
  code: 'ETIMEOUT',
  _connId: '12zlaff8xjjr4pj6i96u'
}

Node.js v24.15.0
--- TenderPocket Alert Engine Started ---
Using SMTP Config: Host=smtp.gmail.com, Port=465, Secure=true, User=anuthibhansali@gmail.com
Alert Recipient (Manager Email): anuthibhansali@gmail.com
Today's IST Date: 2026-09-09
Analyzed 1685 active tenders.
- SLA Alerts (T+3): 20
- Due Alerts (T2-3 / T2) for Issued Tenders: 10
- Due Alerts (T2-3 / T2) for Ready to File Tenders: 0
Sending email alert via nodemailer...
Alert email sent successfully. Message ID: <59b62c83-3e4f-e784-928c-901b831de241@gmail.com>
=== Sync completed at Wed Sep  9 17:54:32 IST 2026 ===
=== Sync started at Thu Sep 10 09:12:00 IST 2026 ===
Checking internet connection...
Internet connected! Letting connection stabilize for 10s...
Connecting to IMAP mail server at imap.gmail.com:993... (Attempt 1/3)
Successfully locked INBOX. Searching for matching Tender247 emails...
Found 0 matching unread email message(s).
No new tender emails to process.
Logged out of IMAP mail server.
--- TenderPocket Alert Engine Started ---
Using SMTP Config: Host=smtp.gmail.com, Port=465, Secure=true, User=anuthibhansali@gmail.com
Alert Recipient (Manager Email): anuthibhansali@gmail.com
Today's IST Date: 2026-09-10
Analyzed 1712 active tenders.
- SLA Alerts (T+3): 22
- Due Alerts (T2-3 / T2) for Issued Tenders: 2
- Due Alerts (T2-3 / T2) for Ready to File Tenders: 0
Sending email alert via nodemailer...
Alert email sent successfully. Message ID: <38da47ab-58ab-9092-a7d0-793f793509f8@gmail.com>
=== Sync completed at Thu Sep 10 09:33:10 IST 2026 ===
=== Sync started at Thu Sep 10 17:05:41 IST 2026 ===
Checking internet connection...
Internet connected! Letting connection stabilize for 10s...
Connecting to IMAP mail server at imap.gmail.com:993... (Attempt 1/3)
Successfully locked INBOX. Searching for matching Tender247 emails...
node:events:487
      throw er; // Unhandled 'error' event
      ^

Error: Socket timeout
    at TLSSocket.<anonymous> (/Users/anuthibhansali/.gemini/antigravity/scratch/tender-pocket/node_modules/imapflow/lib/imap-flow.js:875:29)
    at TLSSocket.emit (node:events:509:28)
    at Socket._onTimeout (node:net:610:8)
    at listOnTimeout (node:internal/timers:605:17)
    at process.processTimers (node:internal/timers:541:7)
Emitted 'error' event on ImapFlow instance at:
    at ImapFlow.emitError (/Users/anuthibhansali/.gemini/antigravity/scratch/tender-pocket/node_modules/imapflow/lib/imap-flow.js:408:14)
    at TLSSocket.<anonymous> (/Users/anuthibhansali/.gemini/antigravity/scratch/tender-pocket/node_modules/imapflow/lib/imap-flow.js:895:26)
    at TLSSocket.emit (node:events:509:28)
    at Socket._onTimeout (node:net:610:8)
    at listOnTimeout (node:internal/timers:605:17)
    at process.processTimers (node:internal/timers:541:7) {
  code: 'ETIMEOUT',
  _connId: '3ru1ybdg802o31s507sj'
}

Node.js v24.15.0
--- TenderPocket Alert Engine Started ---
Using SMTP Config: Host=smtp.gmail.com, Port=465, Secure=true, User=anuthibhansali@gmail.com
Alert Recipient (Manager Email): anuthibhansali@gmail.com
Today's IST Date: 2026-09-10
Analyzed 1730 active tenders.
- SLA Alerts (T+3): 22
- Due Alerts (T2-3 / T2) for Issued Tenders: 2
- Due Alerts (T2-3 / T2) for Ready to File Tenders: 0
Sending email alert via nodemailer...
Alert email sent successfully. Message ID: <8a37b235-10d4-acc4-38c5-76348dab0475@gmail.com>
=== Sync completed at Thu Sep 10 17:45:43 IST 2026 ===
